Session,Timestamp,Mean Humidity (%),Mean Temperature (°C),Min Temperature (°C),Max Temperature (°C),Temperature SD,Min Humidity (%),Max Humidity (%),Focus Rating,Mean Reaction Time (ms)
1,2026-09-01 09:00:00,54.42,22.39,22.19,22.55,0.07,53.45,55.68,9,230
2,2026-09-02 09:00:00,53.09,22.07,21.92,22.26,0.07,52.05,54.91,5,235
3,2026-09-03 09:00:00,52.12,23.03,22.75,23.19,0.07,51.19,53.22,10,218
4,2026-09-04 09:00:00,55.62,21.39,21.23,21.64,0.09,54.45,56.56,6,227
5,2026-09-05 09:00:00,51.36,21.81,21.61,22.0,0.08,50.26,52.51,6,222
6,2026-09-06 09:00:00,61.7,21.71,21.52,21.94,0.08,60.64,62.99,10,235
7,2026-09-07 09:00:00,62.31,21.51,21.39,21.7,0.07,61.42,63.48,8,241
8,2026-09-08 09:00:00,55.61,21.88,21.74,22.03,0.07,54.37,56.67,7,236
9,2026-09-09 09:00:00,56.71,23.41,23.26,23.57,0.06,55.3,57.78,6,221
10,2026-09-10 09:00:00,49.81,21.48,21.29,21.62,0.08,48.88,51.0,8,237
11,2026-09-11 09:00:00,54.38,22.1,21.9,22.28,0.08,53.09,55.64,8,232
12,2026-09-12 09:00:00,54.13,21.76,21.62,21.91,0.07,53.01,55.3,7,221
13,2026-09-13 09:00:00,52.92,22.41,22.22,22.58,0.07,51.41,54.47,6,229
14,2026-09-14 09:00:00,54.98,23.04,22.82,23.21,0.07,53.99,55.88,7,228
15,2026-09-15 09:00:00,57.68,21.87,21.7,22.02,0.08,56.74,58.8,5,224
16,2026-09-16 09:00:00,58.0,20.42,20.17,20.63,0.09,56.52,59.56,6,231
17,2026-09-17 09:00:00,55.64,21.73,21.53,21.93,0.07,54.47,56.45,8,232
18,2026-09-18 09:00:00,55.78,20.71,20.51,20.88,0.09,54.96,56.51,8,226
19,2026-09-19 09:00:00,67.46,23.59,23.42,23.73,0.07,66.59,68.34,8,231
20,2026-09-20 09:00:00,54.33,21.99,21.85,22.22,0.08,53.19,55.8,6,228
21,2026-09-21 09:00:00,55.32,21.19,21.04,21.4,0.07,54.22,56.22,7,231
22,2026-09-22 09:00:00,57.43,22.62,22.4,22.77,0.07,56.4,58.8,7,238
23,2026-09-23 09:00:00,56.53,22.37,22.17,22.56,0.08,55.41,58.44,5,231
24,2026-09-24 09:00:00,50.34,22.25,22.06,22.4,0.08,48.91,51.62,9,233
25,2026-09-25 09:00:00,61.57,22.14,21.93,22.34,0.08,60.46,62.44,5,223
26,2026-09-26 09:00:00,56.82,22.15,21.98,22.32,0.08,55.46,58.14,5,233
27,2026-09-27 09:00:00,58.34,21.14,20.98,21.31,0.08,57.07,59.36,6,223
28,2026-09-28 09:00:00,53.44,22.88,22.7,23.04,0.07,52.19,54.75,6,237
29,2026-09-29 09:00:00,49.86,22.07,21.9,22.26,0.08,48.78,50.93,6,228
30,2026-09-30 09:00:00,46.39,22.21,22.05,22.48,0.08,45.31,47.62,6,230
