Session,Timestamp,Humidity (%),Temperature (°C),Focus Rating,Mean Reaction Time (ms)
1,2026-09-01 09:00:00,55.21,22.45,9,230
1,2026-09-01 09:00:30,54.33,22.38,9,230
1,2026-09-01 09:01:00,54.83,22.52,9,230
1,2026-09-01 09:01:30,54.72,22.36,9,230
1,2026-09-01 09:02:00,54.21,22.36,9,230
1,2026-09-01 09:02:30,53.49,22.42,9,230
1,2026-09-01 09:03:00,54.17,22.26,9,230
1,2026-09-01 09:03:30,54.6,22.32,9,230
1,2026-09-01 09:04:00,53.74,22.32,9,230
1,2026-09-01 09:04:30,54.33,22.51,9,230
1,2026-09-01 09:05:00,53.73,22.4,9,230
1,2026-09-01 09:05:30,54.5,22.35,9,230
1,2026-09-01 09:06:00,54.63,22.31,9,230
1,2026-09-01 09:06:30,54.3,22.35,9,230
1,2026-09-01 09:07:00,55.37,22.35,9,230
1,2026-09-01 09:07:30,53.92,22.4,9,230
1,2026-09-01 09:08:00,53.84,22.46,9,230
1,2026-09-01 09:08:30,53.47,22.41,9,230
1,2026-09-01 09:09:00,54.55,22.29,9,230
1,2026-09-01 09:09:30,54.53,22.46,9,230
1,2026-09-01 09:10:00,54.3,22.39,9,230
1,2026-09-01 09:10:30,54.09,22.28,9,230
1,2026-09-01 09:11:00,54.98,22.36,9,230
1,2026-09-01 09:11:30,53.57,22.42,9,230
1,2026-09-01 09:12:00,54.25,22.42,9,230
1,2026-09-01 09:12:30,54.75,22.34,9,230
1,2026-09-01 09:13:00,54.91,22.48,9,230
1,2026-09-01 09:13:30,54.29,22.33,9,230
1,2026-09-01 09:14:00,54.93,22.42,9,230
1,2026-09-01 09:14:30,54.35,22.36,9,230
1,2026-09-01 09:15:00,53.85,22.31,9,230
1,2026-09-01 09:15:30,55.13,22.46,9,230
1,2026-09-01 09:16:00,54.95,22.39,9,230
1,2026-09-01 09:16:30,54.12,22.43,9,230
1,2026-09-01 09:17:00,55.22,22.43,9,230
1,2026-09-01 09:17:30,55.23,22.39,9,230
1,2026-09-01 09:18:00,54.86,22.19,9,230
1,2026-09-01 09:18:30,54.3,22.4,9,230
1,2026-09-01 09:19:00,53.45,22.4,9,230
1,2026-09-01 09:19:30,54.63,22.38,9,230
1,2026-09-01 09:20:00,54.19,22.52,9,230
1,2026-09-01 09:20:30,54.2,22.33,9,230
1,2026-09-01 09:21:00,54.61,22.47,9,230
1,2026-09-01 09:21:30,54.7,22.35,9,230
1,2026-09-01 09:22:00,54.93,22.41,9,230
1,2026-09-01 09:22:30,54.28,22.34,9,230
1,2026-09-01 09:23:00,53.72,22.37,9,230
1,2026-09-01 09:23:30,54.58,22.42,9,230
1,2026-09-01 09:24:00,54.33,22.4,9,230
1,2026-09-01 09:24:30,54.24,22.28,9,230
1,2026-09-01 09:25:00,54.05,22.37,9,230
1,2026-09-01 09:25:30,54.65,22.38,9,230
1,2026-09-01 09:26:00,54.53,22.55,9,230
1,2026-09-01 09:26:30,54.41,22.42,9,230
1,2026-09-01 09:27:00,54.43,22.24,9,230
1,2026-09-01 09:27:30,55.68,22.4,9,230
1,2026-09-01 09:28:00,54.6,22.38,9,230
1,2026-09-01 09:28:30,53.86,22.39,9,230
1,2026-09-01 09:29:00,54.82,22.49,9,230
1,2026-09-01 09:29:30,53.99,22.46,9,230
2,2026-09-02 09:00:00,53.02,21.96,5,235
2,2026-09-02 09:00:30,53.22,21.99,5,235
2,2026-09-02 09:01:00,53.76,22.01,5,235
2,2026-09-02 09:01:30,52.83,22.02,5,235
2,2026-09-02 09:02:00,52.37,22.14,5,235
2,2026-09-02 09:02:30,53.64,22.1,5,235
2,2026-09-02 09:03:00,53.08,21.95,5,235
2,2026-09-02 09:03:30,53.38,22.1,5,235
2,2026-09-02 09:04:00,52.33,21.98,5,235
2,2026-09-02 09:04:30,53.13,22.12,5,235
2,2026-09-02 09:05:00,53.16,22.1,5,235
2,2026-09-02 09:05:30,53.1,22.03,5,235
2,2026-09-02 09:06:00,52.63,22.1,5,235
2,2026-09-02 09:06:30,53.22,22.23,5,235
2,2026-09-02 09:07:00,53.31,21.98,5,235
2,2026-09-02 09:07:30,53.38,22.0,5,235
2,2026-09-02 09:08:00,52.58,22.17,5,235
2,2026-09-02 09:08:30,53.19,22.16,5,235
2,2026-09-02 09:09:00,53.93,22.15,5,235
2,2026-09-02 09:09:30,52.61,22.06,5,235
2,2026-09-02 09:10:00,52.58,22.01,5,235
2,2026-09-02 09:10:30,53.16,22.07,5,235
2,2026-09-02 09:11:00,53.4,22.1,5,235
2,2026-09-02 09:11:30,53.71,22.08,5,235
2,2026-09-02 09:12:00,54.35,22.06,5,235
2,2026-09-02 09:12:30,52.56,22.13,5,235
2,2026-09-02 09:13:00,53.23,21.99,5,235
2,2026-09-02 09:13:30,53.34,22.06,5,235
2,2026-09-02 09:14:00,52.95,22.12,5,235
2,2026-09-02 09:14:30,52.23,22.01,5,235
2,2026-09-02 09:15:00,53.41,22.04,5,235
2,2026-09-02 09:15:30,52.36,22.1,5,235
2,2026-09-02 09:16:00,53.18,22.09,5,235
2,2026-09-02 09:16:30,53.06,22.01,5,235
2,2026-09-02 09:17:00,52.41,22.08,5,235
2,2026-09-02 09:17:30,53.27,22.11,5,235
2,2026-09-02 09:18:00,53.51,22.17,5,235
2,2026-09-02 09:18:30,52.52,21.97,5,235
2,2026-09-02 09:19:00,53.24,22.12,5,235
2,2026-09-02 09:19:30,54.91,22.12,5,235
2,2026-09-02 09:20:00,53.55,22.13,5,235
2,2026-09-02 09:20:30,53.31,22.16,5,235
2,2026-09-02 09:21:00,53.37,22.05,5,235
2,2026-09-02 09:21:30,52.87,22.02,5,235
2,2026-09-02 09:22:00,53.03,22.04,5,235
2,2026-09-02 09:22:30,52.05,22.26,5,235
2,2026-09-02 09:23:00,52.18,22.13,5,235
2,2026-09-02 09:23:30,53.53,22.04,5,235
2,2026-09-02 09:24:00,52.45,22.08,5,235
2,2026-09-02 09:24:30,53.33,22.02,5,235
2,2026-09-02 09:25:00,53.09,22.02,5,235
2,2026-09-02 09:25:30,52.66,22.08,5,235
2,2026-09-02 09:26:00,53.3,22.25,5,235
2,2026-09-02 09:26:30,53.08,21.92,5,235
2,2026-09-02 09:27:00,53.41,22.03,5,235
2,2026-09-02 09:27:30,52.93,22.02,5,235
2,2026-09-02 09:28:00,53.42,22.12,5,235
2,2026-09-02 09:28:30,52.82,21.98,5,235
2,2026-09-02 09:29:00,52.66,22.04,5,235
2,2026-09-02 09:29:30,53.19,22.22,5,235
3,2026-09-03 09:00:00,52.56,23.05,10,218
3,2026-09-03 09:00:30,52.14,22.94,10,218
3,2026-09-03 09:01:00,51.66,22.75,10,218
3,2026-09-03 09:01:30,51.55,22.99,10,218
3,2026-09-03 09:02:00,51.45,23.14,10,218
3,2026-09-03 09:02:30,52.23,22.98,10,218
3,2026-09-03 09:03:00,51.45,23.13,10,218
3,2026-09-03 09:03:30,52.17,23.11,10,218
3,2026-09-03 09:04:00,52.4,22.94,10,218
3,2026-09-03 09:04:30,51.87,23.03,10,218
3,2026-09-03 09:05:00,51.98,23.02,10,218
3,2026-09-03 09:05:30,52.5,23.02,10,218
3,2026-09-03 09:06:00,51.55,23.14,10,218
3,2026-09-03 09:06:30,51.19,23.18,10,218
3,2026-09-03 09:07:00,52.46,23.0,10,218
3,2026-09-03 09:07:30,51.86,23.04,10,218
3,2026-09-03 09:08:00,51.92,23.0,10,218
3,2026-09-03 09:08:30,52.59,22.97,10,218
3,2026-09-03 09:09:00,51.82,23.04,10,218
3,2026-09-03 09:09:30,52.32,23.09,10,218
3,2026-09-03 09:10:00,52.48,23.08,10,218
3,2026-09-03 09:10:30,51.89,22.95,10,218
3,2026-09-03 09:11:00,52.47,23.07,10,218
3,2026-09-03 09:11:30,52.23,23.01,10,218
3,2026-09-03 09:12:00,51.87,23.12,10,218
3,2026-09-03 09:12:30,52.07,23.06,10,218
3,2026-09-03 09:13:00,52.72,23.0,10,218
3,2026-09-03 09:13:30,52.58,23.08,10,218
3,2026-09-03 09:14:00,52.18,23.12,10,218
3,2026-09-03 09:14:30,52.01,23.07,10,218
3,2026-09-03 09:15:00,52.1,23.04,10,218
3,2026-09-03 09:15:30,52.47,23.02,10,218
3,2026-09-03 09:16:00,53.22,22.95,10,218
3,2026-09-03 09:16:30,51.56,22.93,10,218
3,2026-09-03 09:17:00,52.57,23.11,10,218
3,2026-09-03 09:17:30,52.48,23.06,10,218
3,2026-09-03 09:18:00,51.72,23.01,10,218
3,2026-09-03 09:18:30,51.83,23.02,10,218
3,2026-09-03 09:19:00,52.1,23.09,10,218
3,2026-09-03 09:19:30,52.01,22.95,10,218
3,2026-09-03 09:20:00,51.89,23.05,10,218
3,2026-09-03 09:20:30,52.29,22.95,10,218
3,2026-09-03 09:21:00,51.92,23.03,10,218
3,2026-09-03 09:21:30,52.29,22.98,10,218
3,2026-09-03 09:22:00,51.47,22.9,10,218
3,2026-09-03 09:22:30,52.06,22.96,10,218
3,2026-09-03 09:23:00,52.91,23.04,10,218
3,2026-09-03 09:23:30,52.09,23.08,10,218
3,2026-09-03 09:24:00,51.67,23.01,10,218
3,2026-09-03 09:24:30,52.02,23.01,10,218
3,2026-09-03 09:25:00,51.76,23.04,10,218
3,2026-09-03 09:25:30,52.94,23.06,10,218
3,2026-09-03 09:26:00,52.37,23.0,10,218
3,2026-09-03 09:26:30,51.97,23.07,10,218
3,2026-09-03 09:27:00,52.18,23.03,10,218
3,2026-09-03 09:27:30,51.78,23.02,10,218
3,2026-09-03 09:28:00,52.42,23.02,10,218
3,2026-09-03 09:28:30,52.65,23.13,10,218
3,2026-09-03 09:29:00,51.79,23.19,10,218
3,2026-09-03 09:29:30,52.26,23.08,10,218
4,2026-09-04 09:00:00,56.54,21.42,6,227
4,2026-09-04 09:00:30,55.31,21.47,6,227
4,2026-09-04 09:01:00,55.85,21.32,6,227
4,2026-09-04 09:01:30,56.52,21.29,6,227
4,2026-09-04 09:02:00,55.37,21.49,6,227
4,2026-09-04 09:02:30,56.28,21.26,6,227
4,2026-09-04 09:03:00,56.22,21.38,6,227
4,2026-09-04 09:03:30,55.3,21.27,6,227
4,2026-09-04 09:04:00,55.63,21.39,6,227
4,2026-09-04 09:04:30,55.91,21.36,6,227
4,2026-09-04 09:05:00,55.53,21.31,6,227
4,2026-09-04 09:05:30,55.86,21.4,6,227
4,2026-09-04 09:06:00,55.04,21.45,6,227
4,2026-09-04 09:06:30,56.24,21.27,6,227
4,2026-09-04 09:07:00,55.23,21.42,6,227
4,2026-09-04 09:07:30,55.66,21.52,6,227
4,2026-09-04 09:08:00,55.64,21.49,6,227
4,2026-09-04 09:08:30,56.48,21.56,6,227
4,2026-09-04 09:09:00,56.09,21.37,6,227
4,2026-09-04 09:09:30,56.29,21.44,6,227
4,2026-09-04 09:10:00,55.94,21.32,6,227
4,2026-09-04 09:10:30,54.72,21.48,6,227
4,2026-09-04 09:11:00,54.58,21.3,6,227
4,2026-09-04 09:11:30,55.96,21.37,6,227
4,2026-09-04 09:12:00,55.64,21.51,6,227
4,2026-09-04 09:12:30,54.91,21.52,6,227
4,2026-09-04 09:13:00,55.57,21.26,6,227
4,2026-09-04 09:13:30,55.59,21.42,6,227
4,2026-09-04 09:14:00,55.56,21.23,6,227
4,2026-09-04 09:14:30,55.94,21.29,6,227
4,2026-09-04 09:15:00,55.13,21.42,6,227
4,2026-09-04 09:15:30,55.07,21.35,6,227
4,2026-09-04 09:16:00,56.08,21.39,6,227
4,2026-09-04 09:16:30,55.85,21.31,6,227
4,2026-09-04 09:17:00,55.21,21.35,6,227
4,2026-09-04 09:17:30,55.08,21.38,6,227
4,2026-09-04 09:18:00,55.0,21.35,6,227
4,2026-09-04 09:18:30,55.62,21.55,6,227
4,2026-09-04 09:19:00,55.71,21.34,6,227
4,2026-09-04 09:19:30,55.49,21.38,6,227
4,2026-09-04 09:20:00,55.98,21.44,6,227
4,2026-09-04 09:20:30,55.31,21.35,6,227
4,2026-09-04 09:21:00,54.45,21.37,6,227
4,2026-09-04 09:21:30,56.29,21.27,6,227
4,2026-09-04 09:22:00,55.48,21.52,6,227
4,2026-09-04 09:22:30,55.76,21.44,6,227
4,2026-09-04 09:23:00,56.16,21.64,6,227
4,2026-09-04 09:23:30,55.12,21.38,6,227
4,2026-09-04 09:24:00,55.7,21.26,6,227
4,2026-09-04 09:24:30,54.89,21.33,6,227
4,2026-09-04 09:25:00,55.06,21.34,6,227
4,2026-09-04 09:25:30,56.04,21.53,6,227
4,2026-09-04 09:26:00,56.34,21.39,6,227
4,2026-09-04 09:26:30,55.17,21.4,6,227
4,2026-09-04 09:27:00,55.87,21.51,6,227
4,2026-09-04 09:27:30,55.51,21.31,6,227
4,2026-09-04 09:28:00,54.91,21.32,6,227
4,2026-09-04 09:28:30,56.56,21.47,6,227
4,2026-09-04 09:29:00,55.88,21.28,6,227
4,2026-09-04 09:29:30,55.36,21.34,6,227
5,2026-09-05 09:00:00,51.75,21.76,6,222
5,2026-09-05 09:00:30,50.88,21.85,6,222
5,2026-09-05 09:01:00,51.75,21.82,6,222
5,2026-09-05 09:01:30,51.64,21.68,6,222
5,2026-09-05 09:02:00,51.66,21.76,6,222
5,2026-09-05 09:02:30,50.47,21.75,6,222
5,2026-09-05 09:03:00,51.39,21.68,6,222
5,2026-09-05 09:03:30,50.92,21.83,6,222
5,2026-09-05 09:04:00,50.54,21.86,6,222
5,2026-09-05 09:04:30,50.76,21.8,6,222
5,2026-09-05 09:05:00,51.39,21.76,6,222
5,2026-09-05 09:05:30,51.18,21.74,6,222
5,2026-09-05 09:06:00,51.08,21.89,6,222
5,2026-09-05 09:06:30,50.8,21.88,6,222
5,2026-09-05 09:07:00,52.09,21.85,6,222
5,2026-09-05 09:07:30,50.97,21.61,6,222
5,2026-09-05 09:08:00,51.27,21.86,6,222
5,2026-09-05 09:08:30,51.07,21.84,6,222
5,2026-09-05 09:09:00,51.29,21.82,6,222
5,2026-09-05 09:09:30,51.5,21.9,6,222
5,2026-09-05 09:10:00,51.16,21.84,6,222
5,2026-09-05 09:10:30,51.15,21.77,6,222
5,2026-09-05 09:11:00,51.16,21.84,6,222
5,2026-09-05 09:11:30,52.41,21.83,6,222
5,2026-09-05 09:12:00,51.21,21.88,6,222
5,2026-09-05 09:12:30,51.17,21.9,6,222
5,2026-09-05 09:13:00,50.87,21.65,6,222
5,2026-09-05 09:13:30,51.19,21.66,6,222
5,2026-09-05 09:14:00,52.21,21.81,6,222
5,2026-09-05 09:14:30,51.26,21.83,6,222
5,2026-09-05 09:15:00,50.26,21.88,6,222
5,2026-09-05 09:15:30,51.76,21.83,6,222
5,2026-09-05 09:16:00,51.94,21.69,6,222
5,2026-09-05 09:16:30,51.16,21.84,6,222
5,2026-09-05 09:17:00,52.51,21.86,6,222
5,2026-09-05 09:17:30,51.49,21.82,6,222
5,2026-09-05 09:18:00,50.94,21.77,6,222
5,2026-09-05 09:18:30,50.94,21.88,6,222
5,2026-09-05 09:19:00,51.13,21.81,6,222
5,2026-09-05 09:19:30,51.54,21.85,6,222
5,2026-09-05 09:20:00,51.11,21.89,6,222
5,2026-09-05 09:20:30,50.88,21.79,6,222
5,2026-09-05 09:21:00,51.56,21.77,6,222
5,2026-09-05 09:21:30,50.91,21.87,6,222
5,2026-09-05 09:22:00,52.05,21.88,6,222
5,2026-09-05 09:22:30,52.31,21.84,6,222
5,2026-09-05 09:23:00,50.75,21.75,6,222
5,2026-09-05 09:23:30,52.12,21.67,6,222
5,2026-09-05 09:24:00,51.34,21.86,6,222
5,2026-09-05 09:24:30,50.81,21.83,6,222
5,2026-09-05 09:25:00,51.43,22.0,6,222
5,2026-09-05 09:25:30,51.73,21.82,6,222
5,2026-09-05 09:26:00,51.48,21.85,6,222
5,2026-09-05 09:26:30,51.61,21.75,6,222
5,2026-09-05 09:27:00,52.04,21.96,6,222
5,2026-09-05 09:27:30,51.11,21.94,6,222
5,2026-09-05 09:28:00,51.31,21.73,6,222
5,2026-09-05 09:28:30,51.92,21.81,6,222
5,2026-09-05 09:29:00,52.13,21.67,6,222
5,2026-09-05 09:29:30,51.16,21.8,6,222
6,2026-09-06 09:00:00,60.92,21.71,10,235
6,2026-09-06 09:00:30,61.54,21.71,10,235
6,2026-09-06 09:01:00,61.65,21.52,10,235
6,2026-09-06 09:01:30,62.02,21.71,10,235
6,2026-09-06 09:02:00,62.24,21.88,10,235
6,2026-09-06 09:02:30,61.12,21.71,10,235
6,2026-09-06 09:03:00,61.71,21.94,10,235
6,2026-09-06 09:03:30,61.66,21.73,10,235
6,2026-09-06 09:04:00,61.6,21.75,10,235
6,2026-09-06 09:04:30,61.4,21.69,10,235
6,2026-09-06 09:05:00,61.4,21.73,10,235
6,2026-09-06 09:05:30,61.73,21.67,10,235
6,2026-09-06 09:06:00,62.43,21.71,10,235
6,2026-09-06 09:06:30,62.22,21.52,10,235
6,2026-09-06 09:07:00,60.64,21.83,10,235
6,2026-09-06 09:07:30,61.49,21.7,10,235
6,2026-09-06 09:08:00,61.29,21.62,10,235
6,2026-09-06 09:08:30,62.55,21.64,10,235
6,2026-09-06 09:09:00,62.31,21.81,10,235
6,2026-09-06 09:09:30,61.11,21.79,10,235
6,2026-09-06 09:10:00,61.92,21.69,10,235
6,2026-09-06 09:10:30,62.03,21.63,10,235
6,2026-09-06 09:11:00,61.49,21.71,10,235
6,2026-09-06 09:11:30,61.9,21.79,10,235
6,2026-09-06 09:12:00,62.26,21.7,10,235
6,2026-09-06 09:12:30,61.98,21.64,10,235
6,2026-09-06 09:13:00,61.52,21.78,10,235
6,2026-09-06 09:13:30,61.05,21.76,10,235
6,2026-09-06 09:14:00,61.58,21.81,10,235
6,2026-09-06 09:14:30,62.2,21.69,10,235
6,2026-09-06 09:15:00,60.97,21.68,10,235
6,2026-09-06 09:15:30,61.98,21.61,10,235
6,2026-09-06 09:16:00,62.55,21.63,10,235
6,2026-09-06 09:16:30,62.52,21.56,10,235
6,2026-09-06 09:17:00,61.63,21.75,10,235
6,2026-09-06 09:17:30,61.88,21.69,10,235
6,2026-09-06 09:18:00,62.23,21.73,10,235
6,2026-09-06 09:18:30,61.75,21.74,10,235
6,2026-09-06 09:19:00,61.65,21.7,10,235
6,2026-09-06 09:19:30,60.82,21.76,10,235
6,2026-09-06 09:20:00,62.05,21.62,10,235
6,2026-09-06 09:20:30,61.58,21.75,10,235
6,2026-09-06 09:21:00,61.85,21.73,10,235
6,2026-09-06 09:21:30,61.29,21.69,10,235
6,2026-09-06 09:22:00,61.19,21.75,10,235
6,2026-09-06 09:22:30,60.82,21.76,10,235
6,2026-09-06 09:23:00,61.91,21.81,10,235
6,2026-09-06 09:23:30,62.17,21.75,10,235
6,2026-09-06 09:24:00,62.18,21.86,10,235
6,2026-09-06 09:24:30,61.04,21.58,10,235
6,2026-09-06 09:25:00,61.69,21.68,10,235
6,2026-09-06 09:25:30,61.31,21.77,10,235
6,2026-09-06 09:26:00,61.3,21.75,10,235
6,2026-09-06 09:26:30,60.97,21.68,10,235
6,2026-09-06 09:27:00,61.0,21.66,10,235
6,2026-09-06 09:27:30,62.2,21.65,10,235
6,2026-09-06 09:28:00,62.99,21.66,10,235
6,2026-09-06 09:28:30,61.77,21.77,10,235
6,2026-09-06 09:29:00,62.03,21.66,10,235
6,2026-09-06 09:29:30,61.74,21.69,10,235
7,2026-09-07 09:00:00,61.97,21.56,8,241
7,2026-09-07 09:00:30,62.74,21.55,8,241
7,2026-09-07 09:01:00,61.46,21.55,8,241
7,2026-09-07 09:01:30,62.13,21.44,8,241
7,2026-09-07 09:02:00,62.56,21.49,8,241
7,2026-09-07 09:02:30,61.58,21.51,8,241
7,2026-09-07 09:03:00,62.56,21.53,8,241
7,2026-09-07 09:03:30,62.79,21.54,8,241
7,2026-09-07 09:04:00,62.48,21.57,8,241
7,2026-09-07 09:04:30,61.42,21.49,8,241
7,2026-09-07 09:05:00,62.35,21.53,8,241
7,2026-09-07 09:05:30,61.61,21.52,8,241
7,2026-09-07 09:06:00,62.78,21.41,8,241
7,2026-09-07 09:06:30,62.59,21.5,8,241
7,2026-09-07 09:07:00,62.26,21.5,8,241
7,2026-09-07 09:07:30,61.99,21.57,8,241
7,2026-09-07 09:08:00,62.02,21.51,8,241
7,2026-09-07 09:08:30,62.1,21.46,8,241
7,2026-09-07 09:09:00,62.01,21.52,8,241
7,2026-09-07 09:09:30,61.8,21.6,8,241
7,2026-09-07 09:10:00,62.03,21.48,8,241
7,2026-09-07 09:10:30,62.35,21.61,8,241
7,2026-09-07 09:11:00,61.51,21.58,8,241
7,2026-09-07 09:11:30,62.69,21.52,8,241
7,2026-09-07 09:12:00,62.78,21.51,8,241
7,2026-09-07 09:12:30,62.95,21.46,8,241
7,2026-09-07 09:13:00,62.07,21.68,8,241
7,2026-09-07 09:13:30,62.98,21.46,8,241
7,2026-09-07 09:14:00,61.99,21.62,8,241
7,2026-09-07 09:14:30,62.11,21.46,8,241
7,2026-09-07 09:15:00,61.79,21.39,8,241
7,2026-09-07 09:15:30,61.87,21.42,8,241
7,2026-09-07 09:16:00,62.37,21.5,8,241
7,2026-09-07 09:16:30,61.75,21.62,8,241
7,2026-09-07 09:17:00,62.14,21.58,8,241
7,2026-09-07 09:17:30,62.59,21.49,8,241
7,2026-09-07 09:18:00,62.44,21.41,8,241
7,2026-09-07 09:18:30,62.5,21.51,8,241
7,2026-09-07 09:19:00,63.48,21.52,8,241
7,2026-09-07 09:19:30,61.98,21.45,8,241
7,2026-09-07 09:20:00,61.97,21.45,8,241
7,2026-09-07 09:20:30,62.84,21.45,8,241
7,2026-09-07 09:21:00,61.96,21.61,8,241
7,2026-09-07 09:21:30,62.49,21.43,8,241
7,2026-09-07 09:22:00,62.57,21.45,8,241
7,2026-09-07 09:22:30,61.49,21.51,8,241
7,2026-09-07 09:23:00,63.15,21.62,8,241
7,2026-09-07 09:23:30,62.06,21.45,8,241
7,2026-09-07 09:24:00,62.42,21.52,8,241
7,2026-09-07 09:24:30,63.25,21.55,8,241
7,2026-09-07 09:25:00,61.85,21.48,8,241
7,2026-09-07 09:25:30,61.88,21.39,8,241
7,2026-09-07 09:26:00,63.15,21.5,8,241
7,2026-09-07 09:26:30,62.36,21.46,8,241
7,2026-09-07 09:27:00,62.84,21.5,8,241
7,2026-09-07 09:27:30,61.98,21.7,8,241
7,2026-09-07 09:28:00,62.77,21.46,8,241
7,2026-09-07 09:28:30,63.17,21.55,8,241
7,2026-09-07 09:29:00,62.07,21.55,8,241
7,2026-09-07 09:29:30,62.8,21.55,8,241
8,2026-09-08 09:00:00,55.18,21.96,7,236
8,2026-09-08 09:00:30,55.39,21.9,7,236
8,2026-09-08 09:01:00,56.23,21.87,7,236
8,2026-09-08 09:01:30,55.61,21.88,7,236
8,2026-09-08 09:02:00,55.96,21.76,7,236
8,2026-09-08 09:02:30,56.67,21.92,7,236
8,2026-09-08 09:03:00,55.7,21.84,7,236
8,2026-09-08 09:03:30,56.38,21.89,7,236
8,2026-09-08 09:04:00,55.73,21.86,7,236
8,2026-09-08 09:04:30,55.68,21.91,7,236
8,2026-09-08 09:05:00,55.68,21.83,7,236
8,2026-09-08 09:05:30,55.07,21.95,7,236
8,2026-09-08 09:06:00,55.24,21.88,7,236
8,2026-09-08 09:06:30,54.83,21.96,7,236
8,2026-09-08 09:07:00,55.78,21.82,7,236
8,2026-09-08 09:07:30,55.55,21.99,7,236
8,2026-09-08 09:08:00,56.53,21.82,7,236
8,2026-09-08 09:08:30,54.49,21.75,7,236
8,2026-09-08 09:09:00,55.34,21.9,7,236
8,2026-09-08 09:09:30,55.94,21.78,7,236
8,2026-09-08 09:10:00,55.3,21.89,7,236
8,2026-09-08 09:10:30,56.02,21.76,7,236
8,2026-09-08 09:11:00,55.54,21.92,7,236
8,2026-09-08 09:11:30,55.05,22.01,7,236
8,2026-09-08 09:12:00,55.24,21.74,7,236
8,2026-09-08 09:12:30,55.71,21.86,7,236
8,2026-09-08 09:13:00,55.76,21.85,7,236
8,2026-09-08 09:13:30,56.31,21.77,7,236
8,2026-09-08 09:14:00,56.15,21.86,7,236
8,2026-09-08 09:14:30,55.82,21.89,7,236
8,2026-09-08 09:15:00,55.81,21.91,7,236
8,2026-09-08 09:15:30,56.25,21.92,7,236
8,2026-09-08 09:16:00,55.94,21.88,7,236
8,2026-09-08 09:16:30,56.31,21.86,7,236
8,2026-09-08 09:17:00,56.49,21.81,7,236
8,2026-09-08 09:17:30,54.87,21.86,7,236
8,2026-09-08 09:18:00,55.25,21.88,7,236
8,2026-09-08 09:18:30,55.26,21.93,7,236
8,2026-09-08 09:19:00,54.64,21.83,7,236
8,2026-09-08 09:19:30,54.37,21.83,7,236
8,2026-09-08 09:20:00,55.97,21.74,7,236
8,2026-09-08 09:20:30,55.8,21.93,7,236
8,2026-09-08 09:21:00,55.56,21.79,7,236
8,2026-09-08 09:21:30,55.01,21.87,7,236
8,2026-09-08 09:22:00,56.03,21.99,7,236
8,2026-09-08 09:22:30,55.6,21.85,7,236
8,2026-09-08 09:23:00,54.57,21.88,7,236
8,2026-09-08 09:23:30,55.25,21.85,7,236
8,2026-09-08 09:24:00,55.45,21.79,7,236
8,2026-09-08 09:24:30,55.91,22.01,7,236
8,2026-09-08 09:25:00,55.87,21.82,7,236
8,2026-09-08 09:25:30,56.05,21.98,7,236
8,2026-09-08 09:26:00,55.26,21.87,7,236
8,2026-09-08 09:26:30,55.78,21.92,7,236
8,2026-09-08 09:27:00,55.9,21.94,7,236
8,2026-09-08 09:27:30,55.32,21.95,7,236
8,2026-09-08 09:28:00,55.69,21.97,7,236
8,2026-09-08 09:28:30,55.24,22.03,7,236
8,2026-09-08 09:29:00,55.69,22.01,7,236
8,2026-09-08 09:29:30,55.34,21.81,7,236
9,2026-09-09 09:00:00,56.81,23.39,6,221
9,2026-09-09 09:00:30,56.23,23.43,6,221
9,2026-09-09 09:01:00,55.91,23.36,6,221
9,2026-09-09 09:01:30,57.07,23.41,6,221
9,2026-09-09 09:02:00,57.53,23.34,6,221
9,2026-09-09 09:02:30,56.01,23.28,6,221
9,2026-09-09 09:03:00,57.27,23.4,6,221
9,2026-09-09 09:03:30,56.52,23.52,6,221
9,2026-09-09 09:04:00,56.73,23.47,6,221
9,2026-09-09 09:04:30,57.19,23.37,6,221
9,2026-09-09 09:05:00,55.96,23.43,6,221
9,2026-09-09 09:05:30,57.44,23.5,6,221
9,2026-09-09 09:06:00,56.94,23.33,6,221
9,2026-09-09 09:06:30,56.88,23.42,6,221
9,2026-09-09 09:07:00,56.41,23.34,6,221
9,2026-09-09 09:07:30,57.33,23.38,6,221
9,2026-09-09 09:08:00,56.56,23.43,6,221
9,2026-09-09 09:08:30,55.32,23.44,6,221
9,2026-09-09 09:09:00,55.88,23.47,6,221
9,2026-09-09 09:09:30,56.19,23.35,6,221
9,2026-09-09 09:10:00,57.33,23.28,6,221
9,2026-09-09 09:10:30,56.92,23.34,6,221
9,2026-09-09 09:11:00,56.98,23.38,6,221
9,2026-09-09 09:11:30,56.1,23.39,6,221
9,2026-09-09 09:12:00,56.5,23.46,6,221
9,2026-09-09 09:12:30,56.53,23.26,6,221
9,2026-09-09 09:13:00,57.17,23.5,6,221
9,2026-09-09 09:13:30,56.57,23.35,6,221
9,2026-09-09 09:14:00,57.78,23.36,6,221
9,2026-09-09 09:14:30,56.96,23.41,6,221
9,2026-09-09 09:15:00,56.86,23.46,6,221
9,2026-09-09 09:15:30,56.65,23.36,6,221
9,2026-09-09 09:16:00,56.73,23.38,6,221
9,2026-09-09 09:16:30,56.77,23.44,6,221
9,2026-09-09 09:17:00,56.7,23.44,6,221
9,2026-09-09 09:17:30,55.75,23.39,6,221
9,2026-09-09 09:18:00,56.92,23.46,6,221
9,2026-09-09 09:18:30,55.3,23.46,6,221
9,2026-09-09 09:19:00,56.68,23.55,6,221
9,2026-09-09 09:19:30,56.23,23.47,6,221
9,2026-09-09 09:20:00,56.22,23.43,6,221
9,2026-09-09 09:20:30,57.7,23.33,6,221
9,2026-09-09 09:21:00,56.85,23.37,6,221
9,2026-09-09 09:21:30,56.99,23.45,6,221
9,2026-09-09 09:22:00,56.93,23.39,6,221
9,2026-09-09 09:22:30,56.72,23.57,6,221
9,2026-09-09 09:23:00,57.27,23.4,6,221
9,2026-09-09 09:23:30,57.34,23.47,6,221
9,2026-09-09 09:24:00,56.17,23.43,6,221
9,2026-09-09 09:24:30,56.17,23.51,6,221
9,2026-09-09 09:25:00,56.37,23.41,6,221
9,2026-09-09 09:25:30,56.91,23.38,6,221
9,2026-09-09 09:26:00,56.96,23.41,6,221
9,2026-09-09 09:26:30,56.97,23.51,6,221
9,2026-09-09 09:27:00,57.23,23.36,6,221
9,2026-09-09 09:27:30,56.13,23.48,6,221
9,2026-09-09 09:28:00,57.1,23.43,6,221
9,2026-09-09 09:28:30,57.43,23.36,6,221
9,2026-09-09 09:29:00,56.81,23.37,6,221
9,2026-09-09 09:29:30,56.75,23.37,6,221
10,2026-09-10 09:00:00,50.21,21.62,8,237
10,2026-09-10 09:00:30,50.83,21.43,8,237
10,2026-09-10 09:01:00,49.55,21.57,8,237
10,2026-09-10 09:01:30,50.85,21.29,8,237
10,2026-09-10 09:02:00,48.88,21.38,8,237
10,2026-09-10 09:02:30,50.93,21.57,8,237
10,2026-09-10 09:03:00,49.99,21.6,8,237
10,2026-09-10 09:03:30,50.13,21.54,8,237
10,2026-09-10 09:04:00,49.85,21.55,8,237
10,2026-09-10 09:04:30,49.68,21.5,8,237
10,2026-09-10 09:05:00,49.57,21.43,8,237
10,2026-09-10 09:05:30,49.66,21.35,8,237
10,2026-09-10 09:06:00,49.16,21.41,8,237
10,2026-09-10 09:06:30,50.4,21.5,8,237
10,2026-09-10 09:07:00,48.92,21.56,8,237
10,2026-09-10 09:07:30,50.18,21.41,8,237
10,2026-09-10 09:08:00,49.6,21.41,8,237
10,2026-09-10 09:08:30,49.22,21.53,8,237
10,2026-09-10 09:09:00,49.04,21.5,8,237
10,2026-09-10 09:09:30,49.87,21.44,8,237
10,2026-09-10 09:10:00,49.93,21.36,8,237
10,2026-09-10 09:10:30,49.98,21.49,8,237
10,2026-09-10 09:11:00,50.39,21.51,8,237
10,2026-09-10 09:11:30,49.49,21.5,8,237
10,2026-09-10 09:12:00,49.98,21.5,8,237
10,2026-09-10 09:12:30,49.73,21.49,8,237
10,2026-09-10 09:13:00,49.38,21.43,8,237
10,2026-09-10 09:13:30,50.58,21.38,8,237
10,2026-09-10 09:14:00,49.36,21.39,8,237
10,2026-09-10 09:14:30,50.16,21.43,8,237
10,2026-09-10 09:15:00,50.33,21.47,8,237
10,2026-09-10 09:15:30,49.85,21.43,8,237
10,2026-09-10 09:16:00,50.78,21.42,8,237
10,2026-09-10 09:16:30,49.86,21.39,8,237
10,2026-09-10 09:17:00,49.91,21.54,8,237
10,2026-09-10 09:17:30,49.64,21.47,8,237
10,2026-09-10 09:18:00,49.63,21.49,8,237
10,2026-09-10 09:18:30,50.81,21.57,8,237
10,2026-09-10 09:19:00,49.02,21.44,8,237
10,2026-09-10 09:19:30,51.0,21.48,8,237
10,2026-09-10 09:20:00,50.53,21.42,8,237
10,2026-09-10 09:20:30,49.43,21.62,8,237
10,2026-09-10 09:21:00,50.52,21.53,8,237
10,2026-09-10 09:21:30,49.61,21.46,8,237
10,2026-09-10 09:22:00,49.2,21.44,8,237
10,2026-09-10 09:22:30,49.1,21.44,8,237
10,2026-09-10 09:23:00,49.32,21.49,8,237
10,2026-09-10 09:23:30,48.93,21.51,8,237
10,2026-09-10 09:24:00,50.12,21.52,8,237
10,2026-09-10 09:24:30,49.89,21.33,8,237
10,2026-09-10 09:25:00,49.1,21.59,8,237
10,2026-09-10 09:25:30,49.92,21.62,8,237
10,2026-09-10 09:26:00,49.68,21.43,8,237
10,2026-09-10 09:26:30,49.75,21.53,8,237
10,2026-09-10 09:27:00,49.25,21.53,8,237
10,2026-09-10 09:27:30,49.0,21.5,8,237
10,2026-09-10 09:28:00,49.26,21.48,8,237
10,2026-09-10 09:28:30,50.33,21.43,8,237
10,2026-09-10 09:29:00,50.01,21.58,8,237
10,2026-09-10 09:29:30,49.55,21.4,8,237
11,2026-09-11 09:00:00,54.87,22.16,8,232
11,2026-09-11 09:00:30,53.72,22.04,8,232
11,2026-09-11 09:01:00,54.64,21.96,8,232
11,2026-09-11 09:01:30,53.31,22.02,8,232
11,2026-09-11 09:02:00,55.64,22.14,8,232
11,2026-09-11 09:02:30,54.81,22.11,8,232
11,2026-09-11 09:03:00,54.34,22.11,8,232
11,2026-09-11 09:03:30,54.24,22.18,8,232
11,2026-09-11 09:04:00,54.55,22.13,8,232
11,2026-09-11 09:04:30,54.89,22.05,8,232
11,2026-09-11 09:05:00,54.01,22.09,8,232
11,2026-09-11 09:05:30,53.94,22.15,8,232
11,2026-09-11 09:06:00,54.39,22.11,8,232
11,2026-09-11 09:06:30,54.63,22.19,8,232
11,2026-09-11 09:07:00,54.8,22.1,8,232
11,2026-09-11 09:07:30,54.67,22.22,8,232
11,2026-09-11 09:08:00,53.73,22.11,8,232
11,2026-09-11 09:08:30,54.24,22.02,8,232
11,2026-09-11 09:09:00,54.3,22.06,8,232
11,2026-09-11 09:09:30,54.65,22.11,8,232
11,2026-09-11 09:10:00,54.63,22.1,8,232
11,2026-09-11 09:10:30,53.4,22.11,8,232
11,2026-09-11 09:11:00,54.32,22.03,8,232
11,2026-09-11 09:11:30,54.69,22.01,8,232
11,2026-09-11 09:12:00,55.0,22.23,8,232
11,2026-09-11 09:12:30,55.14,22.09,8,232
11,2026-09-11 09:13:00,54.22,22.12,8,232
11,2026-09-11 09:13:30,54.24,22.06,8,232
11,2026-09-11 09:14:00,54.48,22.08,8,232
11,2026-09-11 09:14:30,54.39,22.12,8,232
11,2026-09-11 09:15:00,54.99,22.14,8,232
11,2026-09-11 09:15:30,53.65,22.18,8,232
11,2026-09-11 09:16:00,54.86,21.9,8,232
11,2026-09-11 09:16:30,54.28,22.0,8,232
11,2026-09-11 09:17:00,53.49,22.01,8,232
11,2026-09-11 09:17:30,54.77,22.15,8,232
11,2026-09-11 09:18:00,53.09,22.06,8,232
11,2026-09-11 09:18:30,54.59,22.06,8,232
11,2026-09-11 09:19:00,54.48,21.99,8,232
11,2026-09-11 09:19:30,54.68,22.11,8,232
11,2026-09-11 09:20:00,53.9,22.12,8,232
11,2026-09-11 09:20:30,54.31,22.2,8,232
11,2026-09-11 09:21:00,53.92,22.1,8,232
11,2026-09-11 09:21:30,53.95,22.07,8,232
11,2026-09-11 09:22:00,55.25,22.09,8,232
11,2026-09-11 09:22:30,53.58,22.0,8,232
11,2026-09-11 09:23:00,54.29,22.22,8,232
11,2026-09-11 09:23:30,54.91,22.05,8,232
11,2026-09-11 09:24:00,55.3,22.06,8,232
11,2026-09-11 09:24:30,54.15,22.16,8,232
11,2026-09-11 09:25:00,54.09,22.28,8,232
11,2026-09-11 09:25:30,54.54,22.17,8,232
11,2026-09-11 09:26:00,55.17,22.21,8,232
11,2026-09-11 09:26:30,54.01,22.11,8,232
11,2026-09-11 09:27:00,54.05,22.14,8,232
11,2026-09-11 09:27:30,54.46,22.27,8,232
11,2026-09-11 09:28:00,54.48,22.08,8,232
11,2026-09-11 09:28:30,53.9,22.0,8,232
11,2026-09-11 09:29:00,54.06,22.2,8,232
11,2026-09-11 09:29:30,54.66,22.02,8,232
12,2026-09-12 09:00:00,54.27,21.85,7,221
12,2026-09-12 09:00:30,55.08,21.78,7,221
12,2026-09-12 09:01:00,54.46,21.69,7,221
12,2026-09-12 09:01:30,54.13,21.75,7,221
12,2026-09-12 09:02:00,54.25,21.86,7,221
12,2026-09-12 09:02:30,54.53,21.78,7,221
12,2026-09-12 09:03:00,53.58,21.71,7,221
12,2026-09-12 09:03:30,53.01,21.66,7,221
12,2026-09-12 09:04:00,53.45,21.91,7,221
12,2026-09-12 09:04:30,53.86,21.72,7,221
12,2026-09-12 09:05:00,54.4,21.77,7,221
12,2026-09-12 09:05:30,53.71,21.81,7,221
12,2026-09-12 09:06:00,54.14,21.73,7,221
12,2026-09-12 09:06:30,54.8,21.72,7,221
12,2026-09-12 09:07:00,54.36,21.78,7,221
12,2026-09-12 09:07:30,54.58,21.79,7,221
12,2026-09-12 09:08:00,53.35,21.76,7,221
12,2026-09-12 09:08:30,53.67,21.77,7,221
12,2026-09-12 09:09:00,54.29,21.7,7,221
12,2026-09-12 09:09:30,54.01,21.84,7,221
12,2026-09-12 09:10:00,54.85,21.77,7,221
12,2026-09-12 09:10:30,55.3,21.76,7,221
12,2026-09-12 09:11:00,53.12,21.79,7,221
12,2026-09-12 09:11:30,54.19,21.8,7,221
12,2026-09-12 09:12:00,54.33,21.85,7,221
12,2026-09-12 09:12:30,53.38,21.73,7,221
12,2026-09-12 09:13:00,53.57,21.73,7,221
12,2026-09-12 09:13:30,54.29,21.7,7,221
12,2026-09-12 09:14:00,54.19,21.88,7,221
12,2026-09-12 09:14:30,54.22,21.65,7,221
12,2026-09-12 09:15:00,53.69,21.84,7,221
12,2026-09-12 09:15:30,54.0,21.73,7,221
12,2026-09-12 09:16:00,54.32,21.68,7,221
12,2026-09-12 09:16:30,54.21,21.73,7,221
12,2026-09-12 09:17:00,53.78,21.67,7,221
12,2026-09-12 09:17:30,53.81,21.8,7,221
12,2026-09-12 09:18:00,53.8,21.88,7,221
12,2026-09-12 09:18:30,54.46,21.76,7,221
12,2026-09-12 09:19:00,53.12,21.63,7,221
12,2026-09-12 09:19:30,54.63,21.62,7,221
12,2026-09-12 09:20:00,55.28,21.7,7,221
12,2026-09-12 09:20:30,54.09,21.7,7,221
12,2026-09-12 09:21:00,55.0,21.87,7,221
12,2026-09-12 09:21:30,54.6,21.91,7,221
12,2026-09-12 09:22:00,54.29,21.82,7,221
12,2026-09-12 09:22:30,53.72,21.8,7,221
12,2026-09-12 09:23:00,53.99,21.68,7,221
12,2026-09-12 09:23:30,53.77,21.73,7,221
12,2026-09-12 09:24:00,54.47,21.8,7,221
12,2026-09-12 09:24:30,54.74,21.75,7,221
12,2026-09-12 09:25:00,53.9,21.65,7,221
12,2026-09-12 09:25:30,53.06,21.68,7,221
12,2026-09-12 09:26:00,53.94,21.74,7,221
12,2026-09-12 09:26:30,54.31,21.86,7,221
12,2026-09-12 09:27:00,54.92,21.66,7,221
12,2026-09-12 09:27:30,54.29,21.84,7,221
12,2026-09-12 09:28:00,53.52,21.72,7,221
12,2026-09-12 09:28:30,54.54,21.71,7,221
12,2026-09-12 09:29:00,54.77,21.89,7,221
12,2026-09-12 09:29:30,53.44,21.7,7,221
13,2026-09-13 09:00:00,51.43,22.32,6,229
13,2026-09-13 09:00:30,53.76,22.41,6,229
13,2026-09-13 09:01:00,52.64,22.54,6,229
13,2026-09-13 09:01:30,53.1,22.36,6,229
13,2026-09-13 09:02:00,53.02,22.33,6,229
13,2026-09-13 09:02:30,53.48,22.47,6,229
13,2026-09-13 09:03:00,52.77,22.4,6,229
13,2026-09-13 09:03:30,52.46,22.34,6,229
13,2026-09-13 09:04:00,53.05,22.39,6,229
13,2026-09-13 09:04:30,52.47,22.48,6,229
13,2026-09-13 09:05:00,52.73,22.53,6,229
13,2026-09-13 09:05:30,52.5,22.41,6,229
13,2026-09-13 09:06:00,53.31,22.22,6,229
13,2026-09-13 09:06:30,52.73,22.47,6,229
13,2026-09-13 09:07:00,53.13,22.42,6,229
13,2026-09-13 09:07:30,52.6,22.29,6,229
13,2026-09-13 09:08:00,52.24,22.47,6,229
13,2026-09-13 09:08:30,52.19,22.43,6,229
13,2026-09-13 09:09:00,52.85,22.45,6,229
13,2026-09-13 09:09:30,53.45,22.28,6,229
13,2026-09-13 09:10:00,52.46,22.35,6,229
13,2026-09-13 09:10:30,53.44,22.43,6,229
13,2026-09-13 09:11:00,52.9,22.33,6,229
13,2026-09-13 09:11:30,53.22,22.45,6,229
13,2026-09-13 09:12:00,52.69,22.42,6,229
13,2026-09-13 09:12:30,52.91,22.34,6,229
13,2026-09-13 09:13:00,51.41,22.33,6,229
13,2026-09-13 09:13:30,53.32,22.45,6,229
13,2026-09-13 09:14:00,52.36,22.22,6,229
13,2026-09-13 09:14:30,53.9,22.46,6,229
13,2026-09-13 09:15:00,52.51,22.41,6,229
13,2026-09-13 09:15:30,53.56,22.4,6,229
13,2026-09-13 09:16:00,52.47,22.36,6,229
13,2026-09-13 09:16:30,52.39,22.37,6,229
13,2026-09-13 09:17:00,53.68,22.42,6,229
13,2026-09-13 09:17:30,52.74,22.44,6,229
13,2026-09-13 09:18:00,52.09,22.39,6,229
13,2026-09-13 09:18:30,52.83,22.48,6,229
13,2026-09-13 09:19:00,54.47,22.4,6,229
13,2026-09-13 09:19:30,52.49,22.43,6,229
13,2026-09-13 09:20:00,53.44,22.38,6,229
13,2026-09-13 09:20:30,52.15,22.42,6,229
13,2026-09-13 09:21:00,52.54,22.48,6,229
13,2026-09-13 09:21:30,53.41,22.56,6,229
13,2026-09-13 09:22:00,53.51,22.38,6,229
13,2026-09-13 09:22:30,53.3,22.42,6,229
13,2026-09-13 09:23:00,52.45,22.45,6,229
13,2026-09-13 09:23:30,53.38,22.36,6,229
13,2026-09-13 09:24:00,52.67,22.38,6,229
13,2026-09-13 09:24:30,53.08,22.33,6,229
13,2026-09-13 09:25:00,52.34,22.58,6,229
13,2026-09-13 09:25:30,53.58,22.41,6,229
13,2026-09-13 09:26:00,53.1,22.4,6,229
13,2026-09-13 09:26:30,53.08,22.33,6,229
13,2026-09-13 09:27:00,53.36,22.4,6,229
13,2026-09-13 09:27:30,54.16,22.51,6,229
13,2026-09-13 09:28:00,53.03,22.46,6,229
13,2026-09-13 09:28:30,52.69,22.43,6,229
13,2026-09-13 09:29:00,52.72,22.44,6,229
13,2026-09-13 09:29:30,53.53,22.42,6,229
14,2026-09-14 09:00:00,54.66,22.96,7,228
14,2026-09-14 09:00:30,55.18,23.1,7,228
14,2026-09-14 09:01:00,54.73,23.02,7,228
14,2026-09-14 09:01:30,54.45,23.01,7,228
14,2026-09-14 09:02:00,54.75,23.17,7,228
14,2026-09-14 09:02:30,55.67,23.13,7,228
14,2026-09-14 09:03:00,54.69,23.12,7,228
14,2026-09-14 09:03:30,54.9,23.07,7,228
14,2026-09-14 09:04:00,55.07,22.97,7,228
14,2026-09-14 09:04:30,55.5,22.94,7,228
14,2026-09-14 09:05:00,55.01,23.0,7,228
14,2026-09-14 09:05:30,54.78,23.06,7,228
14,2026-09-14 09:06:00,54.67,23.08,7,228
14,2026-09-14 09:06:30,54.24,23.11,7,228
14,2026-09-14 09:07:00,55.88,23.05,7,228
14,2026-09-14 09:07:30,54.57,22.96,7,228
14,2026-09-14 09:08:00,55.0,23.08,7,228
14,2026-09-14 09:08:30,55.15,23.07,7,228
14,2026-09-14 09:09:00,55.46,23.09,7,228
14,2026-09-14 09:09:30,54.79,23.07,7,228
14,2026-09-14 09:10:00,55.86,23.09,7,228
14,2026-09-14 09:10:30,54.42,23.03,7,228
14,2026-09-14 09:11:00,54.85,23.13,7,228
14,2026-09-14 09:11:30,55.33,22.86,7,228
14,2026-09-14 09:12:00,54.86,22.99,7,228
14,2026-09-14 09:12:30,55.0,23.06,7,228
14,2026-09-14 09:13:00,54.69,23.09,7,228
14,2026-09-14 09:13:30,54.78,23.08,7,228
14,2026-09-14 09:14:00,55.22,23.1,7,228
14,2026-09-14 09:14:30,55.45,22.96,7,228
14,2026-09-14 09:15:00,55.31,22.99,7,228
14,2026-09-14 09:15:30,55.83,23.07,7,228
14,2026-09-14 09:16:00,54.73,23.02,7,228
14,2026-09-14 09:16:30,54.76,23.04,7,228
14,2026-09-14 09:17:00,54.1,23.1,7,228
14,2026-09-14 09:17:30,54.37,22.95,7,228
14,2026-09-14 09:18:00,55.76,23.11,7,228
14,2026-09-14 09:18:30,54.82,23.03,7,228
14,2026-09-14 09:19:00,55.49,23.04,7,228
14,2026-09-14 09:19:30,55.03,22.96,7,228
14,2026-09-14 09:20:00,55.16,23.12,7,228
14,2026-09-14 09:20:30,55.41,23.05,7,228
14,2026-09-14 09:21:00,55.25,22.82,7,228
14,2026-09-14 09:21:30,53.99,22.99,7,228
14,2026-09-14 09:22:00,55.6,23.08,7,228
14,2026-09-14 09:22:30,55.38,23.03,7,228
14,2026-09-14 09:23:00,55.57,23.17,7,228
14,2026-09-14 09:23:30,55.28,23.17,7,228
14,2026-09-14 09:24:00,54.11,23.04,7,228
14,2026-09-14 09:24:30,54.49,23.02,7,228
14,2026-09-14 09:25:00,54.82,23.21,7,228
14,2026-09-14 09:25:30,55.18,23.05,7,228
14,2026-09-14 09:26:00,55.76,23.04,7,228
14,2026-09-14 09:26:30,55.01,22.99,7,228
14,2026-09-14 09:27:00,54.25,22.98,7,228
14,2026-09-14 09:27:30,54.89,22.99,7,228
14,2026-09-14 09:28:00,54.56,23.0,7,228
14,2026-09-14 09:28:30,54.87,22.93,7,228
14,2026-09-14 09:29:00,55.29,22.92,7,228
14,2026-09-14 09:29:30,54.18,23.04,7,228
15,2026-09-15 09:00:00,57.31,21.89,5,224
15,2026-09-15 09:00:30,57.29,21.85,5,224
15,2026-09-15 09:01:00,57.7,21.96,5,224
15,2026-09-15 09:01:30,57.66,22.02,5,224
15,2026-09-15 09:02:00,56.93,21.82,5,224
15,2026-09-15 09:02:30,56.89,21.73,5,224
15,2026-09-15 09:03:00,57.94,21.89,5,224
15,2026-09-15 09:03:30,58.13,21.75,5,224
15,2026-09-15 09:04:00,57.76,21.83,5,224
15,2026-09-15 09:04:30,58.13,22.0,5,224
15,2026-09-15 09:05:00,57.24,21.85,5,224
15,2026-09-15 09:05:30,57.33,21.7,5,224
15,2026-09-15 09:06:00,57.19,21.86,5,224
15,2026-09-15 09:06:30,57.72,21.86,5,224
15,2026-09-15 09:07:00,57.36,21.85,5,224
15,2026-09-15 09:07:30,57.91,21.89,5,224
15,2026-09-15 09:08:00,58.39,21.78,5,224
15,2026-09-15 09:08:30,57.69,21.86,5,224
15,2026-09-15 09:09:00,57.8,21.93,5,224
15,2026-09-15 09:09:30,57.83,21.95,5,224
15,2026-09-15 09:10:00,57.87,21.82,5,224
15,2026-09-15 09:10:30,57.74,21.78,5,224
15,2026-09-15 09:11:00,57.58,21.87,5,224
15,2026-09-15 09:11:30,56.74,21.86,5,224
15,2026-09-15 09:12:00,57.73,21.83,5,224
15,2026-09-15 09:12:30,57.17,21.88,5,224
15,2026-09-15 09:13:00,57.25,21.97,5,224
15,2026-09-15 09:13:30,57.9,21.95,5,224
15,2026-09-15 09:14:00,58.57,21.82,5,224
15,2026-09-15 09:14:30,58.14,21.78,5,224
15,2026-09-15 09:15:00,57.35,21.95,5,224
15,2026-09-15 09:15:30,57.56,21.98,5,224
15,2026-09-15 09:16:00,57.82,21.89,5,224
15,2026-09-15 09:16:30,58.09,21.86,5,224
15,2026-09-15 09:17:00,56.81,21.94,5,224
15,2026-09-15 09:17:30,56.85,21.98,5,224
15,2026-09-15 09:18:00,58.25,21.95,5,224
15,2026-09-15 09:18:30,57.48,21.78,5,224
15,2026-09-15 09:19:00,57.58,21.78,5,224
15,2026-09-15 09:19:30,58.08,21.85,5,224
15,2026-09-15 09:20:00,58.38,21.98,5,224
15,2026-09-15 09:20:30,57.58,21.83,5,224
15,2026-09-15 09:21:00,57.28,21.74,5,224
15,2026-09-15 09:21:30,58.49,21.95,5,224
15,2026-09-15 09:22:00,57.39,21.77,5,224
15,2026-09-15 09:22:30,57.83,21.87,5,224
15,2026-09-15 09:23:00,57.9,21.81,5,224
15,2026-09-15 09:23:30,57.68,21.83,5,224
15,2026-09-15 09:24:00,57.69,21.92,5,224
15,2026-09-15 09:24:30,57.63,21.84,5,224
15,2026-09-15 09:25:00,57.5,21.86,5,224
15,2026-09-15 09:25:30,58.48,21.85,5,224
15,2026-09-15 09:26:00,57.54,21.92,5,224
15,2026-09-15 09:26:30,57.52,21.93,5,224
15,2026-09-15 09:27:00,57.87,21.97,5,224
15,2026-09-15 09:27:30,57.91,21.86,5,224
15,2026-09-15 09:28:00,57.12,21.75,5,224
15,2026-09-15 09:28:30,57.76,21.78,5,224
15,2026-09-15 09:29:00,58.8,22.01,5,224
15,2026-09-15 09:29:30,57.94,21.92,5,224
16,2026-09-16 09:00:00,58.11,20.33,6,231
16,2026-09-16 09:00:30,57.53,20.58,6,231
16,2026-09-16 09:01:00,57.85,20.21,6,231
16,2026-09-16 09:01:30,58.97,20.5,6,231
16,2026-09-16 09:02:00,58.24,20.32,6,231
16,2026-09-16 09:02:30,57.94,20.38,6,231
16,2026-09-16 09:03:00,57.24,20.63,6,231
16,2026-09-16 09:03:30,58.23,20.44,6,231
16,2026-09-16 09:04:00,58.04,20.5,6,231
16,2026-09-16 09:04:30,57.8,20.44,6,231
16,2026-09-16 09:05:00,57.82,20.44,6,231
16,2026-09-16 09:05:30,57.81,20.47,6,231
16,2026-09-16 09:06:00,57.98,20.45,6,231
16,2026-09-16 09:06:30,57.97,20.51,6,231
16,2026-09-16 09:07:00,58.62,20.27,6,231
16,2026-09-16 09:07:30,57.66,20.34,6,231
16,2026-09-16 09:08:00,58.68,20.37,6,231
16,2026-09-16 09:08:30,59.56,20.25,6,231
16,2026-09-16 09:09:00,58.1,20.5,6,231
16,2026-09-16 09:09:30,58.13,20.41,6,231
16,2026-09-16 09:10:00,58.31,20.46,6,231
16,2026-09-16 09:10:30,58.04,20.46,6,231
16,2026-09-16 09:11:00,57.92,20.4,6,231
16,2026-09-16 09:11:30,58.56,20.4,6,231
16,2026-09-16 09:12:00,56.52,20.46,6,231
16,2026-09-16 09:12:30,58.09,20.47,6,231
16,2026-09-16 09:13:00,57.8,20.42,6,231
16,2026-09-16 09:13:30,58.47,20.51,6,231
16,2026-09-16 09:14:00,58.2,20.35,6,231
16,2026-09-16 09:14:30,57.3,20.34,6,231
16,2026-09-16 09:15:00,58.42,20.37,6,231
16,2026-09-16 09:15:30,58.25,20.49,6,231
16,2026-09-16 09:16:00,58.25,20.47,6,231
16,2026-09-16 09:16:30,58.21,20.37,6,231
16,2026-09-16 09:17:00,58.37,20.48,6,231
16,2026-09-16 09:17:30,58.35,20.51,6,231
16,2026-09-16 09:18:00,58.53,20.44,6,231
16,2026-09-16 09:18:30,57.55,20.41,6,231
16,2026-09-16 09:19:00,57.62,20.4,6,231
16,2026-09-16 09:19:30,57.92,20.36,6,231
16,2026-09-16 09:20:00,57.84,20.35,6,231
16,2026-09-16 09:20:30,58.1,20.27,6,231
16,2026-09-16 09:21:00,57.58,20.42,6,231
16,2026-09-16 09:21:30,58.46,20.47,6,231
16,2026-09-16 09:22:00,57.61,20.29,6,231
16,2026-09-16 09:22:30,57.52,20.36,6,231
16,2026-09-16 09:23:00,57.89,20.48,6,231
16,2026-09-16 09:23:30,56.99,20.4,6,231
16,2026-09-16 09:24:00,57.37,20.47,6,231
16,2026-09-16 09:24:30,58.13,20.42,6,231
16,2026-09-16 09:25:00,57.34,20.53,6,231
16,2026-09-16 09:25:30,58.08,20.17,6,231
16,2026-09-16 09:26:00,58.61,20.56,6,231
16,2026-09-16 09:26:30,57.75,20.43,6,231
16,2026-09-16 09:27:00,57.5,20.48,6,231
16,2026-09-16 09:27:30,58.24,20.45,6,231
16,2026-09-16 09:28:00,59.37,20.5,6,231
16,2026-09-16 09:28:30,57.74,20.45,6,231
16,2026-09-16 09:29:00,57.11,20.41,6,231
16,2026-09-16 09:29:30,57.79,20.36,6,231
17,2026-09-17 09:00:00,55.19,21.8,8,232
17,2026-09-17 09:00:30,55.47,21.69,8,232
17,2026-09-17 09:01:00,55.21,21.63,8,232
17,2026-09-17 09:01:30,56.06,21.7,8,232
17,2026-09-17 09:02:00,55.72,21.76,8,232
17,2026-09-17 09:02:30,55.55,21.81,8,232
17,2026-09-17 09:03:00,55.57,21.77,8,232
17,2026-09-17 09:03:30,55.33,21.76,8,232
17,2026-09-17 09:04:00,55.55,21.54,8,232
17,2026-09-17 09:04:30,56.08,21.85,8,232
17,2026-09-17 09:05:00,56.24,21.81,8,232
17,2026-09-17 09:05:30,55.72,21.74,8,232
17,2026-09-17 09:06:00,55.46,21.69,8,232
17,2026-09-17 09:06:30,56.22,21.79,8,232
17,2026-09-17 09:07:00,55.4,21.73,8,232
17,2026-09-17 09:07:30,55.92,21.74,8,232
17,2026-09-17 09:08:00,54.47,21.62,8,232
17,2026-09-17 09:08:30,55.01,21.69,8,232
17,2026-09-17 09:09:00,55.55,21.7,8,232
17,2026-09-17 09:09:30,56.35,21.7,8,232
17,2026-09-17 09:10:00,55.77,21.76,8,232
17,2026-09-17 09:10:30,55.05,21.79,8,232
17,2026-09-17 09:11:00,55.58,21.82,8,232
17,2026-09-17 09:11:30,55.08,21.79,8,232
17,2026-09-17 09:12:00,56.03,21.61,8,232
17,2026-09-17 09:12:30,55.17,21.77,8,232
17,2026-09-17 09:13:00,56.18,21.67,8,232
17,2026-09-17 09:13:30,56.44,21.64,8,232
17,2026-09-17 09:14:00,55.94,21.67,8,232
17,2026-09-17 09:14:30,55.92,21.71,8,232
17,2026-09-17 09:15:00,55.54,21.69,8,232
17,2026-09-17 09:15:30,55.12,21.74,8,232
17,2026-09-17 09:16:00,55.36,21.8,8,232
17,2026-09-17 09:16:30,55.12,21.72,8,232
17,2026-09-17 09:17:00,55.53,21.53,8,232
17,2026-09-17 09:17:30,56.01,21.93,8,232
17,2026-09-17 09:18:00,55.49,21.74,8,232
17,2026-09-17 09:18:30,55.89,21.74,8,232
17,2026-09-17 09:19:00,56.18,21.64,8,232
17,2026-09-17 09:19:30,55.98,21.79,8,232
17,2026-09-17 09:20:00,55.63,21.77,8,232
17,2026-09-17 09:20:30,55.92,21.79,8,232
17,2026-09-17 09:21:00,55.33,21.71,8,232
17,2026-09-17 09:21:30,56.4,21.75,8,232
17,2026-09-17 09:22:00,54.89,21.64,8,232
17,2026-09-17 09:22:30,55.65,21.75,8,232
17,2026-09-17 09:23:00,55.74,21.75,8,232
17,2026-09-17 09:23:30,56.37,21.72,8,232
17,2026-09-17 09:24:00,55.21,21.61,8,232
17,2026-09-17 09:24:30,54.8,21.73,8,232
17,2026-09-17 09:25:00,56.45,21.72,8,232
17,2026-09-17 09:25:30,55.74,21.74,8,232
17,2026-09-17 09:26:00,55.31,21.64,8,232
17,2026-09-17 09:26:30,55.46,21.71,8,232
17,2026-09-17 09:27:00,55.9,21.84,8,232
17,2026-09-17 09:27:30,55.74,21.65,8,232
17,2026-09-17 09:28:00,56.19,21.78,8,232
17,2026-09-17 09:28:30,55.11,21.86,8,232
17,2026-09-17 09:29:00,54.99,21.67,8,232
17,2026-09-17 09:29:30,55.85,21.72,8,232
18,2026-09-18 09:00:00,55.74,20.88,8,226
18,2026-09-18 09:00:30,55.56,20.7,8,226
18,2026-09-18 09:01:00,56.43,20.7,8,226
18,2026-09-18 09:01:30,56.51,20.54,8,226
18,2026-09-18 09:02:00,55.61,20.6,8,226
18,2026-09-18 09:02:30,56.03,20.68,8,226
18,2026-09-18 09:03:00,55.97,20.59,8,226
18,2026-09-18 09:03:30,55.06,20.88,8,226
18,2026-09-18 09:04:00,55.41,20.73,8,226
18,2026-09-18 09:04:30,55.75,20.75,8,226
18,2026-09-18 09:05:00,55.98,20.66,8,226
18,2026-09-18 09:05:30,55.64,20.86,8,226
18,2026-09-18 09:06:00,55.09,20.77,8,226
18,2026-09-18 09:06:30,55.98,20.64,8,226
18,2026-09-18 09:07:00,55.92,20.83,8,226
18,2026-09-18 09:07:30,55.74,20.69,8,226
18,2026-09-18 09:08:00,56.04,20.61,8,226
18,2026-09-18 09:08:30,55.51,20.78,8,226
18,2026-09-18 09:09:00,55.87,20.68,8,226
18,2026-09-18 09:09:30,55.71,20.68,8,226
18,2026-09-18 09:10:00,55.62,20.88,8,226
18,2026-09-18 09:10:30,55.42,20.69,8,226
18,2026-09-18 09:11:00,55.65,20.77,8,226
18,2026-09-18 09:11:30,56.4,20.66,8,226
18,2026-09-18 09:12:00,55.44,20.83,8,226
18,2026-09-18 09:12:30,56.24,20.56,8,226
18,2026-09-18 09:13:00,56.13,20.66,8,226
18,2026-09-18 09:13:30,56.19,20.56,8,226
18,2026-09-18 09:14:00,56.1,20.62,8,226
18,2026-09-18 09:14:30,55.26,20.72,8,226
18,2026-09-18 09:15:00,56.08,20.68,8,226
18,2026-09-18 09:15:30,56.03,20.72,8,226
18,2026-09-18 09:16:00,54.96,20.87,8,226
18,2026-09-18 09:16:30,55.79,20.84,8,226
18,2026-09-18 09:17:00,55.07,20.64,8,226
18,2026-09-18 09:17:30,56.2,20.7,8,226
18,2026-09-18 09:18:00,56.49,20.7,8,226
18,2026-09-18 09:18:30,55.73,20.6,8,226
18,2026-09-18 09:19:00,55.92,20.61,8,226
18,2026-09-18 09:19:30,55.53,20.78,8,226
18,2026-09-18 09:20:00,55.84,20.51,8,226
18,2026-09-18 09:20:30,55.94,20.75,8,226
18,2026-09-18 09:21:00,55.2,20.81,8,226
18,2026-09-18 09:21:30,56.34,20.77,8,226
18,2026-09-18 09:22:00,55.9,20.57,8,226
18,2026-09-18 09:22:30,55.7,20.67,8,226
18,2026-09-18 09:23:00,55.5,20.74,8,226
18,2026-09-18 09:23:30,55.76,20.66,8,226
18,2026-09-18 09:24:00,55.2,20.63,8,226
18,2026-09-18 09:24:30,55.16,20.77,8,226
18,2026-09-18 09:25:00,55.97,20.77,8,226
18,2026-09-18 09:25:30,55.4,20.58,8,226
18,2026-09-18 09:26:00,55.25,20.81,8,226
18,2026-09-18 09:26:30,55.97,20.68,8,226
18,2026-09-18 09:27:00,55.61,20.78,8,226
18,2026-09-18 09:27:30,56.45,20.67,8,226
18,2026-09-18 09:28:00,56.23,20.85,8,226
18,2026-09-18 09:28:30,55.33,20.72,8,226
18,2026-09-18 09:29:00,56.0,20.65,8,226
18,2026-09-18 09:29:30,56.44,20.75,8,226
19,2026-09-19 09:00:00,67.35,23.65,8,231
19,2026-09-19 09:00:30,67.88,23.64,8,231
19,2026-09-19 09:01:00,68.34,23.57,8,231
19,2026-09-19 09:01:30,67.69,23.61,8,231
19,2026-09-19 09:02:00,67.65,23.65,8,231
19,2026-09-19 09:02:30,67.13,23.66,8,231
19,2026-09-19 09:03:00,66.89,23.55,8,231
19,2026-09-19 09:03:30,67.83,23.63,8,231
19,2026-09-19 09:04:00,68.28,23.63,8,231
19,2026-09-19 09:04:30,67.77,23.6,8,231
19,2026-09-19 09:05:00,67.25,23.51,8,231
19,2026-09-19 09:05:30,67.86,23.65,8,231
19,2026-09-19 09:06:00,67.4,23.57,8,231
19,2026-09-19 09:06:30,67.26,23.48,8,231
19,2026-09-19 09:07:00,67.73,23.67,8,231
19,2026-09-19 09:07:30,67.46,23.64,8,231
19,2026-09-19 09:08:00,67.11,23.6,8,231
19,2026-09-19 09:08:30,67.65,23.65,8,231
19,2026-09-19 09:09:00,67.18,23.64,8,231
19,2026-09-19 09:09:30,67.99,23.42,8,231
19,2026-09-19 09:10:00,67.01,23.56,8,231
19,2026-09-19 09:10:30,67.24,23.65,8,231
19,2026-09-19 09:11:00,67.75,23.68,8,231
19,2026-09-19 09:11:30,66.76,23.65,8,231
19,2026-09-19 09:12:00,67.57,23.69,8,231
19,2026-09-19 09:12:30,67.51,23.57,8,231
19,2026-09-19 09:13:00,67.64,23.45,8,231
19,2026-09-19 09:13:30,66.76,23.51,8,231
19,2026-09-19 09:14:00,68.0,23.47,8,231
19,2026-09-19 09:14:30,68.21,23.55,8,231
19,2026-09-19 09:15:00,66.59,23.55,8,231
19,2026-09-19 09:15:30,68.06,23.51,8,231
19,2026-09-19 09:16:00,67.17,23.58,8,231
19,2026-09-19 09:16:30,67.69,23.61,8,231
19,2026-09-19 09:17:00,68.16,23.69,8,231
19,2026-09-19 09:17:30,66.78,23.57,8,231
19,2026-09-19 09:18:00,67.57,23.56,8,231
19,2026-09-19 09:18:30,66.96,23.52,8,231
19,2026-09-19 09:19:00,67.42,23.62,8,231
19,2026-09-19 09:19:30,67.06,23.6,8,231
19,2026-09-19 09:20:00,66.98,23.58,8,231
19,2026-09-19 09:20:30,67.96,23.67,8,231
19,2026-09-19 09:21:00,66.97,23.45,8,231
19,2026-09-19 09:21:30,67.11,23.48,8,231
19,2026-09-19 09:22:00,66.71,23.59,8,231
19,2026-09-19 09:22:30,66.94,23.52,8,231
19,2026-09-19 09:23:00,67.47,23.61,8,231
19,2026-09-19 09:23:30,67.53,23.54,8,231
19,2026-09-19 09:24:00,67.3,23.55,8,231
19,2026-09-19 09:24:30,68.11,23.73,8,231
19,2026-09-19 09:25:00,67.85,23.49,8,231
19,2026-09-19 09:25:30,66.87,23.66,8,231
19,2026-09-19 09:26:00,68.21,23.66,8,231
19,2026-09-19 09:26:30,66.98,23.51,8,231
19,2026-09-19 09:27:00,67.58,23.68,8,231
19,2026-09-19 09:27:30,67.61,23.64,8,231
19,2026-09-19 09:28:00,66.78,23.63,8,231
19,2026-09-19 09:28:30,68.02,23.68,8,231
19,2026-09-19 09:29:00,67.42,23.58,8,231
19,2026-09-19 09:29:30,67.7,23.47,8,231
20,2026-09-20 09:00:00,54.12,22.0,6,228
20,2026-09-20 09:00:30,54.72,21.97,6,228
20,2026-09-20 09:01:00,53.5,21.95,6,228
20,2026-09-20 09:01:30,54.99,22.12,6,228
20,2026-09-20 09:02:00,54.65,21.88,6,228
20,2026-09-20 09:02:30,54.43,21.94,6,228
20,2026-09-20 09:03:00,54.19,22.0,6,228
20,2026-09-20 09:03:30,53.96,21.92,6,228
20,2026-09-20 09:04:00,53.89,21.91,6,228
20,2026-09-20 09:04:30,53.94,21.98,6,228
20,2026-09-20 09:05:00,55.05,22.04,6,228
20,2026-09-20 09:05:30,54.42,21.93,6,228
20,2026-09-20 09:06:00,54.54,22.02,6,228
20,2026-09-20 09:06:30,54.67,21.99,6,228
20,2026-09-20 09:07:00,53.68,22.02,6,228
20,2026-09-20 09:07:30,54.75,22.05,6,228
20,2026-09-20 09:08:00,54.32,21.92,6,228
20,2026-09-20 09:08:30,54.2,22.04,6,228
20,2026-09-20 09:09:00,55.48,22.07,6,228
20,2026-09-20 09:09:30,53.61,21.92,6,228
20,2026-09-20 09:10:00,54.66,22.01,6,228
20,2026-09-20 09:10:30,55.03,21.96,6,228
20,2026-09-20 09:11:00,54.65,21.87,6,228
20,2026-09-20 09:11:30,55.16,21.93,6,228
20,2026-09-20 09:12:00,53.92,22.14,6,228
20,2026-09-20 09:12:30,54.73,21.94,6,228
20,2026-09-20 09:13:00,54.28,21.95,6,228
20,2026-09-20 09:13:30,53.34,21.98,6,228
20,2026-09-20 09:14:00,53.96,21.98,6,228
20,2026-09-20 09:14:30,55.02,21.94,6,228
20,2026-09-20 09:15:00,54.71,21.88,6,228
20,2026-09-20 09:15:30,54.16,21.96,6,228
20,2026-09-20 09:16:00,54.47,22.04,6,228
20,2026-09-20 09:16:30,54.79,22.03,6,228
20,2026-09-20 09:17:00,54.0,21.95,6,228
20,2026-09-20 09:17:30,53.89,21.89,6,228
20,2026-09-20 09:18:00,54.92,22.22,6,228
20,2026-09-20 09:18:30,53.64,21.87,6,228
20,2026-09-20 09:19:00,54.58,22.02,6,228
20,2026-09-20 09:19:30,54.18,22.03,6,228
20,2026-09-20 09:20:00,54.47,21.97,6,228
20,2026-09-20 09:20:30,53.19,21.99,6,228
20,2026-09-20 09:21:00,53.88,21.96,6,228
20,2026-09-20 09:21:30,55.8,22.0,6,228
20,2026-09-20 09:22:00,54.15,22.01,6,228
20,2026-09-20 09:22:30,54.54,22.05,6,228
20,2026-09-20 09:23:00,54.61,22.01,6,228
20,2026-09-20 09:23:30,53.74,22.15,6,228
20,2026-09-20 09:24:00,53.84,22.02,6,228
20,2026-09-20 09:24:30,53.84,22.03,6,228
20,2026-09-20 09:25:00,54.16,21.95,6,228
20,2026-09-20 09:25:30,54.76,22.06,6,228
20,2026-09-20 09:26:00,54.33,21.88,6,228
20,2026-09-20 09:26:30,53.67,21.92,6,228
20,2026-09-20 09:27:00,54.15,21.96,6,228
20,2026-09-20 09:27:30,54.52,22.18,6,228
20,2026-09-20 09:28:00,54.02,21.87,6,228
20,2026-09-20 09:28:30,55.35,22.06,6,228
20,2026-09-20 09:29:00,53.36,21.85,6,228
20,2026-09-20 09:29:30,54.5,22.13,6,228
21,2026-09-21 09:00:00,55.47,21.11,7,231
21,2026-09-21 09:00:30,55.14,21.12,7,231
21,2026-09-21 09:01:00,55.67,21.11,7,231
21,2026-09-21 09:01:30,55.23,21.26,7,231
21,2026-09-21 09:02:00,54.62,21.19,7,231
21,2026-09-21 09:02:30,55.32,21.16,7,231
21,2026-09-21 09:03:00,54.79,21.4,7,231
21,2026-09-21 09:03:30,55.84,21.31,7,231
21,2026-09-21 09:04:00,56.22,21.21,7,231
21,2026-09-21 09:04:30,55.54,21.22,7,231
21,2026-09-21 09:05:00,55.95,21.18,7,231
21,2026-09-21 09:05:30,55.03,21.28,7,231
21,2026-09-21 09:06:00,55.24,21.08,7,231
21,2026-09-21 09:06:30,55.31,21.12,7,231
21,2026-09-21 09:07:00,55.11,21.29,7,231
21,2026-09-21 09:07:30,55.37,21.19,7,231
21,2026-09-21 09:08:00,54.22,21.26,7,231
21,2026-09-21 09:08:30,55.45,21.14,7,231
21,2026-09-21 09:09:00,55.1,21.28,7,231
21,2026-09-21 09:09:30,55.65,21.04,7,231
21,2026-09-21 09:10:00,54.75,21.14,7,231
21,2026-09-21 09:10:30,55.25,21.14,7,231
21,2026-09-21 09:11:00,54.24,21.14,7,231
21,2026-09-21 09:11:30,55.98,21.26,7,231
21,2026-09-21 09:12:00,54.77,21.24,7,231
21,2026-09-21 09:12:30,55.34,21.17,7,231
21,2026-09-21 09:13:00,55.68,21.24,7,231
21,2026-09-21 09:13:30,55.38,21.13,7,231
21,2026-09-21 09:14:00,56.07,21.23,7,231
21,2026-09-21 09:14:30,55.74,21.25,7,231
21,2026-09-21 09:15:00,56.05,21.2,7,231
21,2026-09-21 09:15:30,54.91,21.22,7,231
21,2026-09-21 09:16:00,55.69,21.3,7,231
21,2026-09-21 09:16:30,55.1,21.15,7,231
21,2026-09-21 09:17:00,55.57,21.21,7,231
21,2026-09-21 09:17:30,55.5,21.2,7,231
21,2026-09-21 09:18:00,55.88,21.32,7,231
21,2026-09-21 09:18:30,55.81,21.2,7,231
21,2026-09-21 09:19:00,55.54,21.11,7,231
21,2026-09-21 09:19:30,55.23,21.33,7,231
21,2026-09-21 09:20:00,55.02,21.12,7,231
21,2026-09-21 09:20:30,54.95,21.1,7,231
21,2026-09-21 09:21:00,54.64,21.16,7,231
21,2026-09-21 09:21:30,55.79,21.19,7,231
21,2026-09-21 09:22:00,56.1,21.12,7,231
21,2026-09-21 09:22:30,55.86,21.23,7,231
21,2026-09-21 09:23:00,55.77,21.14,7,231
21,2026-09-21 09:23:30,55.79,21.1,7,231
21,2026-09-21 09:24:00,55.62,21.2,7,231
21,2026-09-21 09:24:30,54.9,21.09,7,231
21,2026-09-21 09:25:00,54.87,21.24,7,231
21,2026-09-21 09:25:30,54.66,21.23,7,231
21,2026-09-21 09:26:00,54.73,21.26,7,231
21,2026-09-21 09:26:30,55.66,21.23,7,231
21,2026-09-21 09:27:00,55.63,21.13,7,231
21,2026-09-21 09:27:30,55.07,21.21,7,231
21,2026-09-21 09:28:00,54.36,21.11,7,231
21,2026-09-21 09:28:30,54.56,21.22,7,231
21,2026-09-21 09:29:00,55.21,21.2,7,231
21,2026-09-21 09:29:30,55.19,21.24,7,231
22,2026-09-22 09:00:00,57.33,22.52,7,238
22,2026-09-22 09:00:30,57.38,22.6,7,238
22,2026-09-22 09:01:00,58.17,22.63,7,238
22,2026-09-22 09:01:30,56.79,22.69,7,238
22,2026-09-22 09:02:00,58.11,22.66,7,238
22,2026-09-22 09:02:30,58.0,22.64,7,238
22,2026-09-22 09:03:00,57.96,22.77,7,238
22,2026-09-22 09:03:30,57.97,22.63,7,238
22,2026-09-22 09:04:00,57.46,22.62,7,238
22,2026-09-22 09:04:30,58.23,22.58,7,238
22,2026-09-22 09:05:00,58.22,22.54,7,238
22,2026-09-22 09:05:30,56.75,22.65,7,238
22,2026-09-22 09:06:00,56.4,22.63,7,238
22,2026-09-22 09:06:30,57.89,22.66,7,238
22,2026-09-22 09:07:00,57.51,22.56,7,238
22,2026-09-22 09:07:30,57.2,22.76,7,238
22,2026-09-22 09:08:00,58.19,22.52,7,238
22,2026-09-22 09:08:30,57.45,22.76,7,238
22,2026-09-22 09:09:00,58.12,22.69,7,238
22,2026-09-22 09:09:30,57.21,22.55,7,238
22,2026-09-22 09:10:00,58.29,22.7,7,238
22,2026-09-22 09:10:30,57.01,22.65,7,238
22,2026-09-22 09:11:00,57.18,22.76,7,238
22,2026-09-22 09:11:30,57.62,22.58,7,238
22,2026-09-22 09:12:00,57.88,22.73,7,238
22,2026-09-22 09:12:30,57.68,22.64,7,238
22,2026-09-22 09:13:00,57.73,22.61,7,238
22,2026-09-22 09:13:30,57.3,22.4,7,238
22,2026-09-22 09:14:00,56.87,22.62,7,238
22,2026-09-22 09:14:30,57.35,22.64,7,238
22,2026-09-22 09:15:00,58.24,22.75,7,238
22,2026-09-22 09:15:30,57.37,22.57,7,238
22,2026-09-22 09:16:00,57.22,22.6,7,238
22,2026-09-22 09:16:30,57.07,22.62,7,238
22,2026-09-22 09:17:00,57.76,22.51,7,238
22,2026-09-22 09:17:30,57.05,22.66,7,238
22,2026-09-22 09:18:00,57.13,22.68,7,238
22,2026-09-22 09:18:30,57.86,22.63,7,238
22,2026-09-22 09:19:00,57.68,22.6,7,238
22,2026-09-22 09:19:30,57.35,22.56,7,238
22,2026-09-22 09:20:00,57.08,22.59,7,238
22,2026-09-22 09:20:30,56.68,22.59,7,238
22,2026-09-22 09:21:00,57.31,22.57,7,238
22,2026-09-22 09:21:30,57.33,22.58,7,238
22,2026-09-22 09:22:00,57.69,22.6,7,238
22,2026-09-22 09:22:30,57.12,22.68,7,238
22,2026-09-22 09:23:00,56.93,22.51,7,238
22,2026-09-22 09:23:30,57.27,22.57,7,238
22,2026-09-22 09:24:00,56.8,22.54,7,238
22,2026-09-22 09:24:30,57.54,22.57,7,238
22,2026-09-22 09:25:00,57.17,22.65,7,238
22,2026-09-22 09:25:30,56.99,22.57,7,238
22,2026-09-22 09:26:00,57.03,22.6,7,238
22,2026-09-22 09:26:30,56.56,22.65,7,238
22,2026-09-22 09:27:00,57.6,22.58,7,238
22,2026-09-22 09:27:30,58.8,22.62,7,238
22,2026-09-22 09:28:00,56.95,22.63,7,238
22,2026-09-22 09:28:30,56.56,22.6,7,238
22,2026-09-22 09:29:00,57.03,22.6,7,238
22,2026-09-22 09:29:30,57.18,22.68,7,238
23,2026-09-23 09:00:00,55.51,22.42,5,231
23,2026-09-23 09:00:30,56.9,22.36,5,231
23,2026-09-23 09:01:00,55.77,22.38,5,231
23,2026-09-23 09:01:30,57.33,22.38,5,231
23,2026-09-23 09:02:00,56.44,22.49,5,231
23,2026-09-23 09:02:30,56.29,22.46,5,231
23,2026-09-23 09:03:00,56.01,22.25,5,231
23,2026-09-23 09:03:30,56.34,22.51,5,231
23,2026-09-23 09:04:00,56.33,22.37,5,231
23,2026-09-23 09:04:30,57.29,22.54,5,231
23,2026-09-23 09:05:00,56.4,22.56,5,231
23,2026-09-23 09:05:30,55.72,22.41,5,231
23,2026-09-23 09:06:00,55.89,22.5,5,231
23,2026-09-23 09:06:30,55.93,22.4,5,231
23,2026-09-23 09:07:00,56.06,22.34,5,231
23,2026-09-23 09:07:30,56.21,22.34,5,231
23,2026-09-23 09:08:00,56.89,22.34,5,231
23,2026-09-23 09:08:30,56.59,22.3,5,231
23,2026-09-23 09:09:00,56.22,22.48,5,231
23,2026-09-23 09:09:30,56.36,22.33,5,231
23,2026-09-23 09:10:00,56.57,22.48,5,231
23,2026-09-23 09:10:30,56.72,22.34,5,231
23,2026-09-23 09:11:00,56.82,22.3,5,231
23,2026-09-23 09:11:30,56.32,22.42,5,231
23,2026-09-23 09:12:00,56.03,22.32,5,231
23,2026-09-23 09:12:30,57.09,22.43,5,231
23,2026-09-23 09:13:00,56.7,22.33,5,231
23,2026-09-23 09:13:30,56.18,22.22,5,231
23,2026-09-23 09:14:00,56.02,22.38,5,231
23,2026-09-23 09:14:30,56.14,22.31,5,231
23,2026-09-23 09:15:00,56.38,22.41,5,231
23,2026-09-23 09:15:30,55.41,22.21,5,231
23,2026-09-23 09:16:00,56.7,22.34,5,231
23,2026-09-23 09:16:30,56.23,22.17,5,231
23,2026-09-23 09:17:00,57.17,22.34,5,231
23,2026-09-23 09:17:30,56.67,22.35,5,231
23,2026-09-23 09:18:00,55.41,22.4,5,231
23,2026-09-23 09:18:30,56.58,22.45,5,231
23,2026-09-23 09:19:00,58.44,22.43,5,231
23,2026-09-23 09:19:30,57.34,22.22,5,231
23,2026-09-23 09:20:00,56.62,22.36,5,231
23,2026-09-23 09:20:30,56.26,22.38,5,231
23,2026-09-23 09:21:00,56.64,22.34,5,231
23,2026-09-23 09:21:30,56.85,22.26,5,231
23,2026-09-23 09:22:00,55.91,22.35,5,231
23,2026-09-23 09:22:30,57.1,22.35,5,231
23,2026-09-23 09:23:00,56.65,22.34,5,231
23,2026-09-23 09:23:30,56.85,22.33,5,231
23,2026-09-23 09:24:00,57.4,22.44,5,231
23,2026-09-23 09:24:30,56.81,22.37,5,231
23,2026-09-23 09:25:00,57.12,22.39,5,231
23,2026-09-23 09:25:30,56.85,22.33,5,231
23,2026-09-23 09:26:00,56.44,22.37,5,231
23,2026-09-23 09:26:30,56.6,22.39,5,231
23,2026-09-23 09:27:00,56.58,22.38,5,231
23,2026-09-23 09:27:30,56.97,22.51,5,231
23,2026-09-23 09:28:00,56.25,22.46,5,231
23,2026-09-23 09:28:30,56.95,22.31,5,231
23,2026-09-23 09:29:00,57.21,22.46,5,231
23,2026-09-23 09:29:30,56.36,22.34,5,231
24,2026-09-24 09:00:00,48.91,22.27,9,233
24,2026-09-24 09:00:30,49.59,22.24,9,233
24,2026-09-24 09:01:00,50.8,22.36,9,233
24,2026-09-24 09:01:30,51.17,22.3,9,233
24,2026-09-24 09:02:00,51.28,22.18,9,233
24,2026-09-24 09:02:30,50.29,22.33,9,233
24,2026-09-24 09:03:00,49.86,22.35,9,233
24,2026-09-24 09:03:30,50.1,22.19,9,233
24,2026-09-24 09:04:00,49.88,22.22,9,233
24,2026-09-24 09:04:30,50.28,22.36,9,233
24,2026-09-24 09:05:00,50.12,22.29,9,233
24,2026-09-24 09:05:30,50.54,22.11,9,233
24,2026-09-24 09:06:00,50.37,22.11,9,233
24,2026-09-24 09:06:30,51.4,22.15,9,233
24,2026-09-24 09:07:00,50.46,22.33,9,233
24,2026-09-24 09:07:30,49.99,22.36,9,233
24,2026-09-24 09:08:00,50.51,22.3,9,233
24,2026-09-24 09:08:30,51.05,22.28,9,233
24,2026-09-24 09:09:00,50.55,22.32,9,233
24,2026-09-24 09:09:30,49.93,22.13,9,233
24,2026-09-24 09:10:00,50.46,22.25,9,233
24,2026-09-24 09:10:30,51.62,22.17,9,233
24,2026-09-24 09:11:00,50.71,22.38,9,233
24,2026-09-24 09:11:30,50.3,22.27,9,233
24,2026-09-24 09:12:00,50.45,22.18,9,233
24,2026-09-24 09:12:30,49.79,22.28,9,233
24,2026-09-24 09:13:00,50.33,22.29,9,233
24,2026-09-24 09:13:30,49.98,22.11,9,233
24,2026-09-24 09:14:00,51.35,22.23,9,233
24,2026-09-24 09:14:30,49.74,22.3,9,233
24,2026-09-24 09:15:00,49.64,22.3,9,233
24,2026-09-24 09:15:30,50.17,22.35,9,233
24,2026-09-24 09:16:00,51.07,22.25,9,233
24,2026-09-24 09:16:30,49.71,22.16,9,233
24,2026-09-24 09:17:00,50.93,22.21,9,233
24,2026-09-24 09:17:30,48.99,22.14,9,233
24,2026-09-24 09:18:00,50.69,22.22,9,233
24,2026-09-24 09:18:30,50.18,22.36,9,233
24,2026-09-24 09:19:00,50.99,22.23,9,233
24,2026-09-24 09:19:30,50.21,22.11,9,233
24,2026-09-24 09:20:00,50.63,22.27,9,233
24,2026-09-24 09:20:30,50.43,22.22,9,233
24,2026-09-24 09:21:00,50.08,22.06,9,233
24,2026-09-24 09:21:30,49.92,22.3,9,233
24,2026-09-24 09:22:00,50.63,22.26,9,233
24,2026-09-24 09:22:30,50.49,22.23,9,233
24,2026-09-24 09:23:00,50.31,22.18,9,233
24,2026-09-24 09:23:30,50.49,22.31,9,233
24,2026-09-24 09:24:00,50.52,22.21,9,233
24,2026-09-24 09:24:30,49.38,22.32,9,233
24,2026-09-24 09:25:00,50.24,22.35,9,233
24,2026-09-24 09:25:30,51.01,22.29,9,233
24,2026-09-24 09:26:00,50.05,22.15,9,233
24,2026-09-24 09:26:30,50.02,22.24,9,233
24,2026-09-24 09:27:00,49.98,22.4,9,233
24,2026-09-24 09:27:30,50.51,22.21,9,233
24,2026-09-24 09:28:00,50.21,22.16,9,233
24,2026-09-24 09:28:30,50.24,22.28,9,233
24,2026-09-24 09:29:00,50.14,22.25,9,233
24,2026-09-24 09:29:30,50.57,22.14,9,233
25,2026-09-25 09:00:00,62.44,22.1,5,223
25,2026-09-25 09:00:30,61.8,22.22,5,223
25,2026-09-25 09:01:00,61.4,22.18,5,223
25,2026-09-25 09:01:30,61.6,22.26,5,223
25,2026-09-25 09:02:00,60.97,22.0,5,223
25,2026-09-25 09:02:30,61.68,22.15,5,223
25,2026-09-25 09:03:00,62.14,22.16,5,223
25,2026-09-25 09:03:30,61.6,22.01,5,223
25,2026-09-25 09:04:00,61.91,22.02,5,223
25,2026-09-25 09:04:30,61.74,22.15,5,223
25,2026-09-25 09:05:00,62.17,22.09,5,223
25,2026-09-25 09:05:30,61.82,22.25,5,223
25,2026-09-25 09:06:00,61.82,22.15,5,223
25,2026-09-25 09:06:30,61.96,22.11,5,223
25,2026-09-25 09:07:00,62.06,22.29,5,223
25,2026-09-25 09:07:30,61.71,22.1,5,223
25,2026-09-25 09:08:00,61.81,22.06,5,223
25,2026-09-25 09:08:30,60.59,22.2,5,223
25,2026-09-25 09:09:00,61.39,22.07,5,223
25,2026-09-25 09:09:30,60.92,22.14,5,223
25,2026-09-25 09:10:00,61.65,22.19,5,223
25,2026-09-25 09:10:30,61.15,22.15,5,223
25,2026-09-25 09:11:00,62.36,22.25,5,223
25,2026-09-25 09:11:30,61.22,22.12,5,223
25,2026-09-25 09:12:00,61.35,22.2,5,223
25,2026-09-25 09:12:30,61.9,22.15,5,223
25,2026-09-25 09:13:00,62.19,22.01,5,223
25,2026-09-25 09:13:30,61.32,22.17,5,223
25,2026-09-25 09:14:00,61.51,22.15,5,223
25,2026-09-25 09:14:30,62.27,22.02,5,223
25,2026-09-25 09:15:00,61.75,22.17,5,223
25,2026-09-25 09:15:30,61.02,22.24,5,223
25,2026-09-25 09:16:00,61.39,22.2,5,223
25,2026-09-25 09:16:30,60.46,22.23,5,223
25,2026-09-25 09:17:00,61.23,22.15,5,223
25,2026-09-25 09:17:30,61.76,22.2,5,223
25,2026-09-25 09:18:00,61.17,22.11,5,223
25,2026-09-25 09:18:30,61.08,22.15,5,223
25,2026-09-25 09:19:00,61.34,22.23,5,223
25,2026-09-25 09:19:30,61.34,21.93,5,223
25,2026-09-25 09:20:00,60.71,22.08,5,223
25,2026-09-25 09:20:30,61.58,22.06,5,223
25,2026-09-25 09:21:00,61.68,22.27,5,223
25,2026-09-25 09:21:30,61.76,22.11,5,223
25,2026-09-25 09:22:00,61.18,22.13,5,223
25,2026-09-25 09:22:30,60.65,22.07,5,223
25,2026-09-25 09:23:00,61.61,22.13,5,223
25,2026-09-25 09:23:30,61.32,22.15,5,223
25,2026-09-25 09:24:00,61.83,22.09,5,223
25,2026-09-25 09:24:30,61.92,22.06,5,223
25,2026-09-25 09:25:00,61.15,22.08,5,223
25,2026-09-25 09:25:30,61.28,22.04,5,223
25,2026-09-25 09:26:00,61.79,22.24,5,223
25,2026-09-25 09:26:30,61.79,22.24,5,223
25,2026-09-25 09:27:00,61.36,22.07,5,223
25,2026-09-25 09:27:30,62.19,22.1,5,223
25,2026-09-25 09:28:00,61.97,22.07,5,223
25,2026-09-25 09:28:30,62.44,22.23,5,223
25,2026-09-25 09:29:00,61.88,22.13,5,223
25,2026-09-25 09:29:30,61.22,22.34,5,223
26,2026-09-26 09:00:00,57.34,22.17,5,233
26,2026-09-26 09:00:30,56.36,22.07,5,233
26,2026-09-26 09:01:00,57.12,22.09,5,233
26,2026-09-26 09:01:30,56.93,22.22,5,233
26,2026-09-26 09:02:00,56.11,22.24,5,233
26,2026-09-26 09:02:30,57.46,22.28,5,233
26,2026-09-26 09:03:00,57.59,22.21,5,233
26,2026-09-26 09:03:30,56.44,22.02,5,233
26,2026-09-26 09:04:00,57.06,22.09,5,233
26,2026-09-26 09:04:30,57.08,22.06,5,233
26,2026-09-26 09:05:00,57.05,22.26,5,233
26,2026-09-26 09:05:30,56.21,22.17,5,233
26,2026-09-26 09:06:00,57.33,22.08,5,233
26,2026-09-26 09:06:30,56.68,22.21,5,233
26,2026-09-26 09:07:00,55.69,22.11,5,233
26,2026-09-26 09:07:30,57.66,22.06,5,233
26,2026-09-26 09:08:00,56.8,22.05,5,233
26,2026-09-26 09:08:30,56.07,22.23,5,233
26,2026-09-26 09:09:00,57.17,22.16,5,233
26,2026-09-26 09:09:30,58.14,22.15,5,233
26,2026-09-26 09:10:00,57.23,22.01,5,233
26,2026-09-26 09:10:30,57.09,22.13,5,233
26,2026-09-26 09:11:00,56.34,22.18,5,233
26,2026-09-26 09:11:30,55.77,22.17,5,233
26,2026-09-26 09:12:00,56.85,22.2,5,233
26,2026-09-26 09:12:30,57.23,22.2,5,233
26,2026-09-26 09:13:00,56.78,22.18,5,233
26,2026-09-26 09:13:30,56.35,22.08,5,233
26,2026-09-26 09:14:00,57.42,22.24,5,233
26,2026-09-26 09:14:30,56.72,22.13,5,233
26,2026-09-26 09:15:00,57.29,22.08,5,233
26,2026-09-26 09:15:30,57.67,22.2,5,233
26,2026-09-26 09:16:00,56.51,22.08,5,233
26,2026-09-26 09:16:30,57.03,22.17,5,233
26,2026-09-26 09:17:00,56.27,22.13,5,233
26,2026-09-26 09:17:30,57.06,22.22,5,233
26,2026-09-26 09:18:00,57.38,22.07,5,233
26,2026-09-26 09:18:30,56.77,22.24,5,233
26,2026-09-26 09:19:00,56.98,22.15,5,233
26,2026-09-26 09:19:30,56.72,22.08,5,233
26,2026-09-26 09:20:00,57.14,21.98,5,233
26,2026-09-26 09:20:30,57.45,22.02,5,233
26,2026-09-26 09:21:00,56.6,22.12,5,233
26,2026-09-26 09:21:30,56.56,22.1,5,233
26,2026-09-26 09:22:00,55.46,22.26,5,233
26,2026-09-26 09:22:30,56.87,22.25,5,233
26,2026-09-26 09:23:00,56.16,22.05,5,233
26,2026-09-26 09:23:30,56.23,22.28,5,233
26,2026-09-26 09:24:00,57.27,22.06,5,233
26,2026-09-26 09:24:30,56.23,22.18,5,233
26,2026-09-26 09:25:00,56.19,22.17,5,233
26,2026-09-26 09:25:30,57.23,22.24,5,233
26,2026-09-26 09:26:00,56.88,22.19,5,233
26,2026-09-26 09:26:30,56.7,22.29,5,233
26,2026-09-26 09:27:00,56.93,22.05,5,233
26,2026-09-26 09:27:30,56.19,22.32,5,233
26,2026-09-26 09:28:00,56.91,22.12,5,233
26,2026-09-26 09:28:30,56.21,22.14,5,233
26,2026-09-26 09:29:00,57.86,22.24,5,233
26,2026-09-26 09:29:30,56.25,22.16,5,233
27,2026-09-27 09:00:00,57.57,21.2,6,223
27,2026-09-27 09:00:30,58.63,21.25,6,223
27,2026-09-27 09:01:00,57.67,21.24,6,223
27,2026-09-27 09:01:30,58.26,21.02,6,223
27,2026-09-27 09:02:00,59.24,21.17,6,223
27,2026-09-27 09:02:30,58.22,21.18,6,223
27,2026-09-27 09:03:00,58.95,21.04,6,223
27,2026-09-27 09:03:30,59.15,21.05,6,223
27,2026-09-27 09:04:00,59.13,21.1,6,223
27,2026-09-27 09:04:30,58.27,21.18,6,223
27,2026-09-27 09:05:00,58.17,21.08,6,223
27,2026-09-27 09:05:30,58.38,21.16,6,223
27,2026-09-27 09:06:00,58.26,21.08,6,223
27,2026-09-27 09:06:30,57.27,21.13,6,223
27,2026-09-27 09:07:00,57.85,21.16,6,223
27,2026-09-27 09:07:30,57.5,21.03,6,223
27,2026-09-27 09:08:00,57.66,20.98,6,223
27,2026-09-27 09:08:30,59.32,21.07,6,223
27,2026-09-27 09:09:00,58.43,21.08,6,223
27,2026-09-27 09:09:30,58.4,21.16,6,223
27,2026-09-27 09:10:00,57.74,21.12,6,223
27,2026-09-27 09:10:30,59.24,21.24,6,223
27,2026-09-27 09:11:00,57.83,20.99,6,223
27,2026-09-27 09:11:30,57.86,21.1,6,223
27,2026-09-27 09:12:00,57.97,21.17,6,223
27,2026-09-27 09:12:30,58.93,21.3,6,223
27,2026-09-27 09:13:00,58.85,21.14,6,223
27,2026-09-27 09:13:30,58.06,21.21,6,223
27,2026-09-27 09:14:00,58.38,21.06,6,223
27,2026-09-27 09:14:30,58.41,21.2,6,223
27,2026-09-27 09:15:00,57.94,21.0,6,223
27,2026-09-27 09:15:30,58.3,21.12,6,223
27,2026-09-27 09:16:00,57.65,21.28,6,223
27,2026-09-27 09:16:30,59.08,21.17,6,223
27,2026-09-27 09:17:00,58.14,21.31,6,223
27,2026-09-27 09:17:30,58.62,21.17,6,223
27,2026-09-27 09:18:00,58.29,21.14,6,223
27,2026-09-27 09:18:30,57.07,21.16,6,223
27,2026-09-27 09:19:00,58.4,21.18,6,223
27,2026-09-27 09:19:30,59.36,21.11,6,223
27,2026-09-27 09:20:00,58.14,21.07,6,223
27,2026-09-27 09:20:30,57.92,21.29,6,223
27,2026-09-27 09:21:00,58.27,21.08,6,223
27,2026-09-27 09:21:30,58.44,21.19,6,223
27,2026-09-27 09:22:00,58.07,21.02,6,223
27,2026-09-27 09:22:30,58.3,21.08,6,223
27,2026-09-27 09:23:00,58.55,21.16,6,223
27,2026-09-27 09:23:30,58.87,20.98,6,223
27,2026-09-27 09:24:00,59.03,21.15,6,223
27,2026-09-27 09:24:30,58.89,21.16,6,223
27,2026-09-27 09:25:00,59.01,21.16,6,223
27,2026-09-27 09:25:30,58.29,21.17,6,223
27,2026-09-27 09:26:00,58.78,21.31,6,223
27,2026-09-27 09:26:30,57.7,21.17,6,223
27,2026-09-27 09:27:00,58.49,21.02,6,223
27,2026-09-27 09:27:30,58.03,21.14,6,223
27,2026-09-27 09:28:00,59.13,21.14,6,223
27,2026-09-27 09:28:30,57.77,21.18,6,223
27,2026-09-27 09:29:00,57.94,21.12,6,223
27,2026-09-27 09:29:30,58.13,21.1,6,223
28,2026-09-28 09:00:00,52.91,22.87,6,237
28,2026-09-28 09:00:30,54.44,23.01,6,237
28,2026-09-28 09:01:00,54.01,22.88,6,237
28,2026-09-28 09:01:30,52.83,22.89,6,237
28,2026-09-28 09:02:00,53.56,22.84,6,237
28,2026-09-28 09:02:30,53.39,22.83,6,237
28,2026-09-28 09:03:00,53.45,22.86,6,237
28,2026-09-28 09:03:30,52.96,22.88,6,237
28,2026-09-28 09:04:00,52.85,22.81,6,237
28,2026-09-28 09:04:30,52.44,22.95,6,237
28,2026-09-28 09:05:00,54.19,22.96,6,237
28,2026-09-28 09:05:30,52.19,22.85,6,237
28,2026-09-28 09:06:00,53.46,22.84,6,237
28,2026-09-28 09:06:30,53.24,22.79,6,237
28,2026-09-28 09:07:00,53.83,22.99,6,237
28,2026-09-28 09:07:30,52.7,22.8,6,237
28,2026-09-28 09:08:00,53.39,22.84,6,237
28,2026-09-28 09:08:30,53.23,22.91,6,237
28,2026-09-28 09:09:00,54.46,22.91,6,237
28,2026-09-28 09:09:30,53.47,22.94,6,237
28,2026-09-28 09:10:00,53.32,22.86,6,237
28,2026-09-28 09:10:30,53.18,22.97,6,237
28,2026-09-28 09:11:00,53.52,22.87,6,237
28,2026-09-28 09:11:30,52.81,22.83,6,237
28,2026-09-28 09:12:00,53.46,22.9,6,237
28,2026-09-28 09:12:30,53.23,22.91,6,237
28,2026-09-28 09:13:00,53.06,22.97,6,237
28,2026-09-28 09:13:30,52.62,23.01,6,237
28,2026-09-28 09:14:00,53.73,22.91,6,237
28,2026-09-28 09:14:30,53.71,22.81,6,237
28,2026-09-28 09:15:00,52.39,22.97,6,237
28,2026-09-28 09:15:30,52.25,22.91,6,237
28,2026-09-28 09:16:00,54.31,22.79,6,237
28,2026-09-28 09:16:30,52.91,22.82,6,237
28,2026-09-28 09:17:00,54.53,22.86,6,237
28,2026-09-28 09:17:30,52.97,22.72,6,237
28,2026-09-28 09:18:00,54.42,22.99,6,237
28,2026-09-28 09:18:30,52.88,22.86,6,237
28,2026-09-28 09:19:00,54.29,23.04,6,237
28,2026-09-28 09:19:30,53.09,22.93,6,237
28,2026-09-28 09:20:00,53.41,22.87,6,237
28,2026-09-28 09:20:30,54.22,22.9,6,237
28,2026-09-28 09:21:00,52.96,22.94,6,237
28,2026-09-28 09:21:30,53.65,22.98,6,237
28,2026-09-28 09:22:00,54.23,22.93,6,237
28,2026-09-28 09:22:30,53.48,22.78,6,237
28,2026-09-28 09:23:00,52.71,22.83,6,237
28,2026-09-28 09:23:30,54.75,22.9,6,237
28,2026-09-28 09:24:00,53.48,22.72,6,237
28,2026-09-28 09:24:30,53.56,22.92,6,237
28,2026-09-28 09:25:00,52.85,22.86,6,237
28,2026-09-28 09:25:30,53.12,22.89,6,237
28,2026-09-28 09:26:00,54.09,22.7,6,237
28,2026-09-28 09:26:30,53.52,22.95,6,237
28,2026-09-28 09:27:00,54.03,22.89,6,237
28,2026-09-28 09:27:30,53.95,22.89,6,237
28,2026-09-28 09:28:00,54.15,22.85,6,237
28,2026-09-28 09:28:30,53.59,22.9,6,237
28,2026-09-28 09:29:00,53.64,22.77,6,237
28,2026-09-28 09:29:30,53.18,22.8,6,237
29,2026-09-29 09:00:00,49.37,22.0,6,228
29,2026-09-29 09:00:30,49.63,22.16,6,228
29,2026-09-29 09:01:00,50.13,22.14,6,228
29,2026-09-29 09:01:30,49.09,22.24,6,228
29,2026-09-29 09:02:00,50.4,22.16,6,228
29,2026-09-29 09:02:30,50.33,21.98,6,228
29,2026-09-29 09:03:00,49.71,22.08,6,228
29,2026-09-29 09:03:30,49.47,21.99,6,228
29,2026-09-29 09:04:00,49.83,22.22,6,228
29,2026-09-29 09:04:30,49.43,22.12,6,228
29,2026-09-29 09:05:00,50.37,21.99,6,228
29,2026-09-29 09:05:30,49.62,21.95,6,228
29,2026-09-29 09:06:00,49.88,22.06,6,228
29,2026-09-29 09:06:30,50.02,22.04,6,228
29,2026-09-29 09:07:00,50.19,22.11,6,228
29,2026-09-29 09:07:30,49.68,21.98,6,228
29,2026-09-29 09:08:00,50.27,22.15,6,228
29,2026-09-29 09:08:30,50.0,21.95,6,228
29,2026-09-29 09:09:00,49.85,21.9,6,228
29,2026-09-29 09:09:30,49.35,22.21,6,228
29,2026-09-29 09:10:00,50.21,21.99,6,228
29,2026-09-29 09:10:30,49.51,21.93,6,228
29,2026-09-29 09:11:00,49.51,22.1,6,228
29,2026-09-29 09:11:30,50.2,22.04,6,228
29,2026-09-29 09:12:00,49.96,22.09,6,228
29,2026-09-29 09:12:30,50.01,22.03,6,228
29,2026-09-29 09:13:00,50.05,22.05,6,228
29,2026-09-29 09:13:30,49.73,22.02,6,228
29,2026-09-29 09:14:00,49.81,21.98,6,228
29,2026-09-29 09:14:30,49.27,21.99,6,228
29,2026-09-29 09:15:00,49.93,22.08,6,228
29,2026-09-29 09:15:30,49.61,22.12,6,228
29,2026-09-29 09:16:00,50.1,22.09,6,228
29,2026-09-29 09:16:30,49.41,22.09,6,228
29,2026-09-29 09:17:00,50.01,22.07,6,228
29,2026-09-29 09:17:30,48.78,22.06,6,228
29,2026-09-29 09:18:00,50.93,22.07,6,228
29,2026-09-29 09:18:30,49.46,22.03,6,228
29,2026-09-29 09:19:00,49.98,22.09,6,228
29,2026-09-29 09:19:30,49.2,22.15,6,228
29,2026-09-29 09:20:00,50.12,22.12,6,228
29,2026-09-29 09:20:30,50.0,22.05,6,228
29,2026-09-29 09:21:00,50.26,22.14,6,228
29,2026-09-29 09:21:30,50.24,21.97,6,228
29,2026-09-29 09:22:00,49.86,22.05,6,228
29,2026-09-29 09:22:30,49.75,22.06,6,228
29,2026-09-29 09:23:00,49.78,22.15,6,228
29,2026-09-29 09:23:30,49.63,21.97,6,228
29,2026-09-29 09:24:00,50.44,22.07,6,228
29,2026-09-29 09:24:30,49.4,22.11,6,228
29,2026-09-29 09:25:00,49.96,22.26,6,228
29,2026-09-29 09:25:30,49.75,22.16,6,228
29,2026-09-29 09:26:00,50.25,22.1,6,228
29,2026-09-29 09:26:30,50.35,22.15,6,228
29,2026-09-29 09:27:00,49.67,22.13,6,228
29,2026-09-29 09:27:30,49.99,22.01,6,228
29,2026-09-29 09:28:00,49.71,22.13,6,228
29,2026-09-29 09:28:30,50.55,22.14,6,228
29,2026-09-29 09:29:00,49.41,21.98,6,228
29,2026-09-29 09:29:30,49.98,22.05,6,228
30,2026-09-30 09:00:00,46.39,22.31,6,230
30,2026-09-30 09:00:30,47.62,22.48,6,230
30,2026-09-30 09:01:00,46.42,22.21,6,230
30,2026-09-30 09:01:30,47.32,22.3,6,230
30,2026-09-30 09:02:00,45.58,22.09,6,230
30,2026-09-30 09:02:30,46.76,22.18,6,230
30,2026-09-30 09:03:00,47.0,22.26,6,230
30,2026-09-30 09:03:30,45.31,22.13,6,230
30,2026-09-30 09:04:00,46.06,22.29,6,230
30,2026-09-30 09:04:30,46.54,22.06,6,230
30,2026-09-30 09:05:00,46.41,22.29,6,230
30,2026-09-30 09:05:30,46.39,22.19,6,230
30,2026-09-30 09:06:00,45.8,22.2,6,230
30,2026-09-30 09:06:30,46.73,22.17,6,230
30,2026-09-30 09:07:00,46.55,22.25,6,230
30,2026-09-30 09:07:30,46.38,22.15,6,230
30,2026-09-30 09:08:00,46.56,22.05,6,230
30,2026-09-30 09:08:30,45.73,22.34,6,230
30,2026-09-30 09:09:00,46.63,22.18,6,230
30,2026-09-30 09:09:30,46.25,22.33,6,230
30,2026-09-30 09:10:00,45.49,22.17,6,230
30,2026-09-30 09:10:30,47.49,22.23,6,230
30,2026-09-30 09:11:00,46.46,22.25,6,230
30,2026-09-30 09:11:30,46.46,22.25,6,230
30,2026-09-30 09:12:00,46.88,22.16,6,230
30,2026-09-30 09:12:30,46.48,22.24,6,230
30,2026-09-30 09:13:00,47.12,22.15,6,230
30,2026-09-30 09:13:30,46.19,22.28,6,230
30,2026-09-30 09:14:00,46.22,22.3,6,230
30,2026-09-30 09:14:30,46.09,22.16,6,230
30,2026-09-30 09:15:00,46.71,22.08,6,230
30,2026-09-30 09:15:30,45.86,22.08,6,230
30,2026-09-30 09:16:00,46.43,22.06,6,230
30,2026-09-30 09:16:30,46.31,22.21,6,230
30,2026-09-30 09:17:00,45.88,22.14,6,230
30,2026-09-30 09:17:30,46.19,22.26,6,230
30,2026-09-30 09:18:00,46.03,22.25,6,230
30,2026-09-30 09:18:30,47.12,22.24,6,230
30,2026-09-30 09:19:00,46.26,22.27,6,230
30,2026-09-30 09:19:30,46.35,22.25,6,230
30,2026-09-30 09:20:00,46.31,22.23,6,230
30,2026-09-30 09:20:30,46.58,22.21,6,230
30,2026-09-30 09:21:00,45.96,22.15,6,230
30,2026-09-30 09:21:30,45.67,22.11,6,230
30,2026-09-30 09:22:00,46.55,22.13,6,230
30,2026-09-30 09:22:30,46.73,22.15,6,230
30,2026-09-30 09:23:00,45.49,22.23,6,230
30,2026-09-30 09:23:30,46.88,22.28,6,230
30,2026-09-30 09:24:00,46.68,22.15,6,230
30,2026-09-30 09:24:30,46.52,22.16,6,230
30,2026-09-30 09:25:00,45.57,22.12,6,230
30,2026-09-30 09:25:30,46.41,22.19,6,230
30,2026-09-30 09:26:00,45.88,22.19,6,230
30,2026-09-30 09:26:30,46.6,22.19,6,230
30,2026-09-30 09:27:00,46.56,22.22,6,230
30,2026-09-30 09:27:30,47.06,22.17,6,230
30,2026-09-30 09:28:00,46.71,22.13,6,230
30,2026-09-30 09:28:30,46.71,22.32,6,230
30,2026-09-30 09:29:00,46.21,22.21,6,230
30,2026-09-30 09:29:30,45.76,22.31,6,230
